NET_ID,BATCH,PROG,YEAR,DATE,SPEC,NUMBER,SEX,STAGE,MARK,GEAR,MESH,COMMENTS
201917510,201917510,12,2019,6/6/2019,262,11,9,9,,,14,released
201917529,201917529,12,2019,6/17/2019,262,2,9,9,,,14,released
201917535,201917535,12,2019,6/19/2019,262,3,9,9,,,14,released
201917501,201917501,12,2019,6/3/2019,262,4,1,3,,,11,processed
201917502,201917502,12,2019,6/3/2019,262,9,9,9,,,14,scanned & released
201917502,201917502,12,2019,6/3/2019,262,1,1,3,,,14,processed
201917504,201917504,12,2019,6/4/2019,262,1,1,3,,,11,processed
201917505,201917505,12,2019,6/4/2019,262,1,1,3,,,14,processed
201917508,201917508,12,2019,6/5/2019,262,2,1,3,,,14,processed
201917509,201917509,12,2019,6/5/2019,262,3,1,3,,,11,processed
201917503,201917503,12,2019,6/3/2019,262,3,1,3,,,14,processed
201917503,201917503,12,2019,6/3/2019,262,5,9,9,,,14,scanned & released
201917510,201917510,12,2019,6/6/2019,262,4,1,3,,,14,processed
201917510,201917510,12,2019,6/6/2019,262,6,9,9,,,14,scanned & released
201917511,201917511,12,2019,6/6/2019,262,15,9,9,,,14,released
201917512,201917512,12,2019,6/6/2019,262,5,1,3,,,11,processed
201917512,201917512,12,2019,6/6/2019,262,8,9,9,,,11,scanned & released
201917513,201917513,12,2019,6/10/2019,262,1,1,3,,,11,processed
201917514,201917514,12,2019,6/10/2019,262,1,1,3,,,14,processed
201917515,201917515,12,2019,6/11/2019,262,2,1,3,,,14,processed
200617640,200617640,12,2006,6/19/2006,262,7,9,9,0,3,12,ALL RELEASED W/O TAGS
200617641,200617641,12,2006,6/19/2006,262,2,1,3,24,3,14,ONE DIED DURING PROCESSING
200617642,200617642,12,2006,6/19/2006,262,3,1,3,30,3,14,
200617642,200617642,12,2006,6/19/2006,262,2,9,9,24,3,14,
200617642,200617642,12,2006,6/19/2006,262,1,1,3,24,3,14,
200617643,200617643,12,2006,6/19/2006,262,2,1,3,0,3,14,
200617643,200617643,12,2006,6/19/2006,262,2,1,3,24,3,14,
200617644,200617644,12,2006,6/20/2006,262,1,2,2,31,3,12,
200617645,200617645,12,2006,6/20/2006,262,1,1,3,24,3,12,
200617654,200617654,12,2006,6/26/2006,262,1,1,3,24,3,12,
200617654,200617654,12,2006,6/26/2006,262,1,1,3,30,3,12,
200617657,200617657,12,2006,6/28/2006,262,1,2,3,32,3,12,
200617670,200617670,12,2006,7/5/2006,262,1,1,3,33,3,12,
200617670,200617670,12,2006,7/5/2006,262,1,1,3,34,3,12,
200617825,200617825,12,2006,6/19/2006,262,1,1,3,34,3,13,
200617670,200617670,12,2006,7/5/2006,262,1,1,3,24,3,12,
200617739,200617739,12,2006,5/8/2006,262,1,9,9,0,3,13,JUVENILE
200617751,200617751,12,2006,5/10/2006,292,1,9,9,0,3,13,
200617781,200617781,12,2006,5/23/2006,262,1,1,3,35,3,13,
200617785,200617785,12,2006,5/23/2006,262,1,1,3,34,3,13,
200617796,200617796,12,2006,5/25/2006,262,1,1,3,35,3,13,
200617805,200617805,12,2006,5/26/2006,262,1,1,3,34,3,13,
200617808,200617808,12,2006,6/6/2006,292,1,9,9,0,3,13,
200617810,200617810,12,2006,6/6/2006,577,1,9,9,0,3,13,
200617818,200617818,12,2006,6/7/2006,292,6,9,9,0,3,13,
200617825,200617825,12,2006,6/19/2006,262,1,2,2,35,3,13,
200617825,200617825,12,2006,6/19/2006,262,5,1,3,24,3,13,
200617826,200617826,12,2006,6/19/2006,262,1,1,3,24,3,13,
200617827,200617827,12,2006,6/20/2006,262,1,1,3,35,3,13,
200617828,200617828,12,2006,6/20/2006,262,2,1,3,24,3,13,
200617849,200617849,12,2006,7/6/2006,262,2,1,3,30,3,13,
200717511,200717511,12,2007,4/27/2007,577,1,9,9,,3,13,
200717517,200717517,12,2007,5/8/2007,262,1,9,1,0,3,14,JUVENILE ATLANTIC STURGEON
200717520,200717520,12,2007,5/9/2007,262,1,1,3,,3,14,
200717560,200717560,12,2007,6/6/2007,262,1,1,3,,3,14,ADULT MALE ATLANTIC STURGEON
200717560,200717560,12,2007,6/6/2007,262,1,2,2,,3,14,ADULT FEMALE ATLANTIC STURGEON
200717560,200717560,12,2007,6/6/2007,640,1,9,9,,3,14,BLUEFISH
200717560,200717560,12,2007,6/6/2007,292,30,9,9,,3,14,MENHADEN
200717572,200717572,12,2007,6/18/2007,262,4,1,3,,3,12,4 ADULT MALE ATLANTIC STURGEON
200717573,200717573,12,2007,6/18/2007,262,2,1,3,,3,14,
200717586,200717586,12,2007,6/21/2007,262,1,1,3,,3,12,
200717587,200717587,12,2007,6/21/2007,262,2,1,3,,3,14,
200717629,200717629,12,2007,5/1/2007,577,1,9,9,0,,16,
200717635,200717635,12,2007,5/3/2007,577,1,9,9,0,,16,
200717637,200717637,12,2007,5/3/2007,262,1,1,9,30,,16,
200717639,200717639,12,2007,5/4/2007,577,1,9,9,0,,16,
200717640,200717640,12,2007,5/4/2007,577,1,9,9,0,,16,
200717641,200717641,12,2007,5/9/2007,577,1,9,9,0,,16,
200717645,200717645,12,2007,5/9/2007,290,1,9,9,0,,16,
200717648,200717648,12,2007,5/10/2007,292,8,9,9,0,,16,
200717648,200717648,12,2007,5/10/2007,577,1,9,9,0,,16,
200717650,200717650,12,2007,5/15/2007,292,3,9,9,0,,20,
200717651,200717651,12,2007,5/15/2007,292,3,9,9,0,,20,
200717652,200717652,12,2007,5/16/2007,292,1,9,9,0,,20,
200717655,200717655,12,2007,5/21/2007,262,1,9,9,24,,16,
200717657,200717657,12,2007,5/21/2007,577,1,9,9,0,,16,
200717659,200717659,12,2007,5/22/2007,276,1,9,9,0,,18,
200717675,200717675,12,2007,5/24/2007,292,1,9,9,0,,16,
200717675,200717675,12,2007,5/24/2007,262,1,1,9,30,,16,
200717677,200717677,12,2007,5/29/2007,292,9,9,9,0,,20,
200717677,200717677,12,2007,5/29/2007,990,1,9,9,0,,20,
200717678,200717678,12,2007,5/29/2007,292,1,9,9,0,,18,
200717679,200717679,12,2007,5/29/2007,292,2,9,9,0,,20,
200717681,200717681,12,2007,5/30/2007,292,15,9,9,0,,20,
200717682,200717682,12,2007,5/30/2007,292,5,9,9,0,,18,
200717682,200717682,12,2007,5/30/2007,577,1,9,9,0,,18,
200717682,200717682,12,2007,5/30/2007,990,1,9,9,0,,18,
200717683,200717683,12,2007,5/30/2007,262,1,9,9,24,,20,
200717683,200717683,12,2007,5/30/2007,292,11,9,9,0,,20,
200717683,200717683,12,2007,5/30/2007,990,1,9,9,0,,20,
200717684,200717684,12,2007,5/30/2007,292,15,9,9,0,,18,
200717685,200717685,12,2007,5/31/2007,292,19,9,9,0,,20,
200717686,200717686,12,2007,5/31/2007,292,20,9,9,0,,18,
200717686,200717686,12,2007,5/31/2007,990,1,9,9,0,,18,
200717687,200717687,12,2007,5/31/2007,292,23,9,9,0,,20,
200717687,200717687,12,2007,5/31/2007,577,1,9,9,0,,20,
200717688,200717688,12,2007,5/31/2007,292,29,9,9,0,,18,
200717692,200717692,12,2007,6/11/2007,292,4,9,9,0,,18,
200717693,200717693,12,2007,6/11/2007,292,7,9,9,0,,18,
200717694,200717694,12,2007,6/12/2007,292,7,9,9,0,,18,
200717695,200717695,12,2007,6/12/2007,292,6,9,9,0,,18,
200717696,200717696,12,2007,6/12/2007,292,18,9,9,0,,18,
200717696,200717696,12,2007,6/12/2007,640,1,9,9,0,,18,
200717696,200717696,12,2007,6/12/2007,990,1,9,9,0,,18,
200717697,200717697,12,2007,6/12/2007,292,10,9,9,0,,18,
200717697,200717697,12,2007,6/12/2007,990,2,9,9,0,,18,
200717701,200717701,12,2007,6/13/2007,292,6,9,9,0,,18,
200717702,200717702,12,2007,6/13/2007,292,6,9,9,0,3,18,
200717706,200717706,12,2007,6/14/2007,292,5,9,9,0,3,18,
200717707,200717707,12,2007,6/14/2007,292,6,9,9,0,,18,
200717727,200717727,12,2007,6/27/2007,262,2,1,9,35,,14,
200717735,200717735,12,2007,6/28/2007,262,1,9,9,35,,14,
200717758,200717758,12,2007,7/10/2007,262,1,1,9,35,,14,
200717779,200717779,12,2007,7/13/2007,262,1,2,3,35,,14,
200717804,200717804,12,2007,7/26/2007,262,2,1,9,35,,14,
200717809,200717809,12,2007,7/27/2007,262,1,1,9,35,,14,
200717815,200717815,12,2007,7/30/2007,262,1,2,9,35,,14,
200717823,200717823,12,2007,7/31/2007,262,1,1,9,35,,14,
200717827,200717827,12,2007,8/1/2007,262,1,1,9,35,,14,
200817203,200817203,12,2008,4/29/2008,292,14,9,9,0,3,18,
200817203,200817203,12,2008,4/29/2008,577,1,9,9,0,3,18,
200817204,200817204,12,2008,4/29/2008,292,11,9,9,0,3,20,
200817205,200817205,12,2008,4/29/2008,292,11,9,9,0,3,16,
200817209,200817209,12,2008,4/30/2008,292,13,9,9,0,3,18,
200817210,200817210,12,2008,4/30/2008,292,10,9,9,0,3,20,
200817210,200817210,12,2008,4/30/2008,262,1,2,9,30,3,20,
200817211,200817211,12,2008,4/30/2008,292,18,9,9,0,3,16,
200817212,200817212,12,2008,5/1/2008,292,25,9,9,0,3,18,
200817213,200817213,12,2008,5/1/2008,292,16,9,9,0,3,20,
200917221,200917221,12,2009,6/19/2009,262,9,1,3,41,3,14,
200917221,200917221,12,2009,6/19/2009,262,2,1,3,45,3,14,Recaps from this year
200917221,200917221,12,2009,6/19/2009,262,1,9,9,0,3,14,
200917222,200917222,12,2009,6/19/2009,262,1,9,9,45,3,14,Recap from this year
200917222,200917222,12,2009,6/19/2009,262,1,9,9,29,3,14,Near where we pit. Recap 6/19/06 Rogers Pt
200917223,200917223,12,2009,6/19/2009,262,2,1,3,0,3,11,Both Let Go
200917224,200917224,12,2009,6/22/2009,262,1,9,9,45,3,14,Recap from this year
200917224,200917224,12,2009,6/22/2009,262,1,1,3,41,3,14,
200917200,200917200,12,2009,6/8/2009,262,1,1,3,41,3,14,
200917201,200917201,12,2009,6/8/2009,262,1,1,3,41,3,14,
200917202,200917202,12,2009,6/8/2009,262,4,1,3,41,3,11,
200917203,200917203,12,2009,6/10/2009,262,6,1,3,41,3,14,
200917204,200917204,12,2009,6/10/2009,262,2,1,3,41,3,11,
200917206,200917206,12,2009,6/11/2009,262,1,1,3,41,3,11,
200917207,200917207,12,2009,6/11/2009,262,1,1,3,42,3,14,
200917207,200917207,12,2009,6/11/2009,262,1,1,3,41,3,14,
200917209,200917209,12,2009,6/16/2009,262,1,1,3,41,3,14,
200917215,200917215,12,2009,6/17/2009,262,1,1,3,42,3,11,
200917216,200917216,12,2009,6/17/2009,262,1,1,3,43,3,14,
200917216,200917216,12,2009,6/17/2009,262,1,1,3,42,3,14,
200917216,200917216,12,2009,6/17/2009,262,1,1,3,44,3,14,
200917216,200917216,12,2009,6/17/2009,262,1,1,3,41,3,14,
200917216,200917216,12,2009,6/17/2009,262,1,9,9,0,3,14,
200917218,200917218,12,2009,6/18/2009,262,1,1,3,41,3,11,
200917219,200917219,12,2009,6/18/2009,262,7,1,3,41,3,14,
200917219,200917219,12,2009,6/18/2009,262,1,1,3,42,3,14,"Satellite tag recap, still had mono on it. Tagged 6/11/08 A-Frame"
200917220,200917220,12,2009,6/18/2009,262,2,9,9,0,3,14,Scanned for recaps then let go
200817214,200817214,12,2008,5/1/2008,292,32,9,9,0,3,16,
200817215,200817215,12,2008,5/2/2008,292,2,9,9,0,3,18,
200817216,200817216,12,2008,5/2/2008,292,3,9,9,0,3,20,
200817217,200817217,12,2008,5/2/2008,292,10,9,9,0,3,16,
200817218,200817218,12,2008,5/5/2008,292,9,9,9,0,3,16,
200817218,200817218,12,2008,5/5/2008,577,2,9,9,0,3,16,
200817219,200817219,12,2008,5/5/2008,292,7,9,9,0,3,18,
200817219,200817219,12,2008,5/5/2008,262,1,1,9,29,3,18,
200817220,200817220,12,2008,5/5/2008,292,1,9,9,0,3,16,
200817221,200817221,12,2008,5/5/2008,292,6,9,9,0,3,16,
200817222,200817222,12,2008,5/5/2008,292,2,9,9,0,3,18,
200817223,200817223,12,2008,5/6/2008,292,11,9,9,0,3,16,
200817223,200817223,12,2008,5/6/2008,577,1,9,9,0,3,16,
200817224,200817224,12,2008,5/6/2008,292,5,9,9,0,3,18,
200817225,200817225,12,2008,5/6/2008,292,11,9,9,0,3,16,
200817226,200817226,12,2008,5/6/2008,292,3,9,9,0,3,16,
200817228,200817228,12,2008,5/6/2008,292,2,9,9,0,3,16,
200817228,200817228,12,2008,5/6/2008,577,1,9,9,0,3,16,
200817229,200817229,12,2008,5/7/2008,292,4,9,9,0,3,16,
200817230,200817230,12,2008,5/7/2008,292,3,9,9,0,3,18,
200817231,200817231,12,2008,5/7/2008,292,10,9,9,0,3,16,
200817232,200817232,12,2008,5/7/2008,292,7,9,9,0,3,16,
200817232,200817232,12,2008,5/7/2008,262,1,9,9,24,3,16,
200817235,200817235,12,2008,5/8/2008,292,9,9,9,0,3,16,
200817237,200817237,12,2008,5/8/2008,292,16,9,9,0,3,16,
200817238,200817238,12,2008,5/12/2008,292,9,9,9,0,3,20,
200817239,200817239,12,2008,5/12/2008,292,23,9,9,0,3,16,
200817240,200817240,12,2008,5/13/2008,292,10,9,9,0,3,20,
200817240,200817240,12,2008,5/13/2008,577,1,9,9,0,3,20,
200817241,200817241,12,2008,5/13/2008,292,16,9,9,0,3,16,
200817242,200817242,12,2008,5/13/2008,292,44,9,9,0,3,18,
200817242,200817242,12,2008,5/13/2008,262,1,9,9,24,3,18,
200817243,200817243,12,2008,5/13/2008,292,13,9,9,0,3,20,
200817244,200817244,12,2008,5/13/2008,292,45,9,9,0,3,16,
200817244,200817244,12,2008,5/13/2008,640,1,9,9,0,3,16,
200817245,200817245,12,2008,5/14/2008,292,30,9,9,0,3,18,
200817245,200817245,12,2008,5/14/2008,276,1,9,9,0,3,18,
200817246,200817246,12,2008,5/14/2008,292,2,9,9,0,3,20,
200817247,200817247,12,2008,5/14/2008,292,8,9,9,0,3,16,
200817248,200817248,12,2008,5/14/2008,292,4,9,9,0,3,18,
200817249,200817249,12,2008,5/14/2008,292,12,9,9,0,3,20,
200817250,200817250,12,2008,5/14/2008,292,23,9,9,0,3,16,
200817252,200817252,12,2008,5/15/2008,292,8,9,9,0,3,20,
200817253,200817253,12,2008,5/15/2008,292,12,9,9,0,3,16,
200817254,200817254,12,2008,5/15/2008,292,18,9,9,0,3,18,
200817254,200817254,12,2008,5/15/2008,262,1,9,9,24,3,18,
200817255,200817255,12,2008,5/15/2008,292,8,9,9,0,3,20,
200817256,200817256,12,2008,5/15/2008,292,23,9,9,0,3,16,
200817260,200817260,12,2008,5/19/2008,292,3,9,9,0,3,18,
200817261,200817261,12,2008,5/19/2008,292,5,9,9,0,3,16,
200817262,200817262,12,2008,5/19/2008,292,23,9,9,0,3,20,
200817262,200817262,12,2008,5/19/2008,577,1,9,9,0,3,20,
200817263,200817263,12,2008,5/19/2008,292,1,9,9,0,3,18,
200817264,200817264,12,2008,5/20/2008,292,2,9,9,0,3,16,
200817266,200817266,12,2008,5/20/2008,292,1,9,9,0,3,18,
200817267,200817267,12,2008,5/20/2008,292,1,9,9,0,3,18,
200817268,200817268,12,2008,5/20/2008,292,5,9,9,0,3,16,
200817269,200817269,12,2008,5/20/2008,292,8,9,9,0,3,20,
200817272,200817272,12,2008,5/21/2008,292,2,9,9,0,3,20,
200817274,200817274,12,2008,5/21/2008,292,4,9,9,0,3,16,
200817275,200817275,12,2008,5/21/2008,292,13,9,9,0,3,20,
200817276,200817276,12,2008,5/22/2008,292,2,9,9,0,3,18,
200817277,200817277,12,2008,5/22/2008,292,8,9,9,0,3,20,
200817354,200817354,12,2008,5/22/2008,292,15,9,9,0,3,20,
200817279,200817279,12,2008,5/27/2008,292,7,9,9,0,3,20,
200817279,200817279,12,2008,5/27/2008,262,1,1,9,30,3,20,
200817280,200817280,12,2008,5/27/2008,292,7,9,9,0,3,20,
200817281,200817281,12,2008,5/27/2008,292,22,9,9,0,3,16,
200817282,200817282,12,2008,5/28/2008,292,1,9,9,0,3,20,
200817283,200817283,12,2008,5/28/2008,292,1,9,9,0,3,20,
200817284,200817284,12,2008,5/28/2008,292,1,9,9,0,3,16,
200817285,200817285,12,2008,5/28/2008,292,6,9,9,0,3,20,
200817286,200817286,12,2008,5/28/2008,292,1,9,9,0,3,16,
200817288,200817288,12,2008,5/29/2008,292,7,9,9,0,3,20,
200817289,200817289,12,2008,5/29/2008,292,16,9,9,0,3,16,
200817289,200817289,12,2008,5/29/2008,262,1,9,9,24,3,16,
200817291,200817291,12,2008,6/2/2008,292,6,9,9,0,3,18,
200817292,200817292,12,2008,6/2/2008,292,4,9,9,0,3,20,
200817293,200817293,12,2008,6/2/2008,292,9,9,9,0,3,16,
200817294,200817294,12,2008,6/2/2008,292,13,9,9,0,3,18,
200817295,200817295,12,2008,6/2/2008,292,16,9,9,0,3,20,
200817296,200817296,12,2008,6/2/2008,292,19,9,9,0,3,16,
200817297,200817297,12,2008,6/3/2008,292,6,9,9,0,3,18,
200817298,200817298,12,2008,6/3/2008,292,17,9,9,0,3,20,
200817299,200817299,12,2008,6/3/2008,292,5,9,9,0,3,16,
200817300,200817300,12,2008,6/3/2008,292,16,9,9,0,3,18,
200817301,200817301,12,2008,6/3/2008,292,29,9,9,0,3,20,
200817302,200817302,12,2008,6/3/2008,292,26,9,9,0,3,16,
200817303,200817303,12,2008,6/4/2008,292,12,9,9,0,3,18,
200817304,200817304,12,2008,6/4/2008,292,25,9,9,0,3,20,
200817305,200817305,12,2008,6/4/2008,292,3,9,9,0,3,16,
200817306,200817306,12,2008,6/4/2008,292,40,9,9,0,3,18,
200817306,200817306,12,2008,6/4/2008,577,1,9,9,0,3,18,
200817307,200817307,12,2008,6/4/2008,292,30,9,9,0,3,20,
200817308,200817308,12,2008,6/4/2008,292,5,9,9,0,3,16,
200817309,200817309,12,2008,6/5/2008,292,20,9,9,0,3,18,
200817310,200817310,12,2008,6/5/2008,292,35,9,9,0,3,20,
200817361,200817361,12,2008,6/10/2008,262,1,1,9,30,3,11,
200817314,200817314,12,2008,6/11/2008,262,2,1,9,30,3,12,
200817314,200817314,12,2008,6/11/2008,262,1,1,9,29,3,12,1st release sonic tag
200817314,200817314,12,2008,6/11/2008,262,1,2,9,34,3,12,
200817314,200817314,12,2008,6/11/2008,262,1,1,9,24,3,12,
200817314,200817314,12,2008,6/11/2008,262,2,1,9,34,3,12,
200817315,200817315,12,2008,6/11/2008,262,3,1,9,26,3,11,
200817315,200817315,12,2008,6/11/2008,262,1,1,9,29,3,11,
200817316,200817316,12,2008,6/11/2008,262,1,9,9,0,3,11,
200817317,200817317,12,2008,6/11/2008,262,1,9,9,0,3,20,
200817319,200817319,12,2008,6/12/2008,262,1,1,9,35,3,11,
200817319,200817319,12,2008,6/12/2008,262,2,1,9,24,3,11,
200817319,200817319,12,2008,6/12/2008,262,1,1,9,34,3,11,
200817323,200817323,12,2008,6/16/2008,262,1,9,9,15,3,11,
200817323,200817323,12,2008,6/16/2008,262,2,1,9,24,3,11,
200817323,200817323,12,2008,6/16/2008,262,1,9,9,24,3,11,
200817324,200817324,12,2008,6/16/2008,262,1,1,9,26,3,20,
200817325,200817325,12,2008,6/16/2008,262,4,9,9,0,3,12,
200817325,200817325,12,2008,6/16/2008,262,1,1,9,0,3,12,
200817325,200817325,12,2008,6/16/2008,262,3,1,9,26,3,12,
200817325,200817325,12,2008,6/16/2008,262,1,9,9,26,3,12,
200817325,200817325,12,2008,6/16/2008,262,1,1,9,38,3,12,
200817326,200817326,12,2008,6/17/2008,262,1,9,9,0,3,11,
200817326,200817326,12,2008,6/17/2008,262,1,1,9,24,3,11,
200817326,200817326,12,2008,6/17/2008,262,1,1,9,35,3,11,
200817327,200817327,12,2008,6/17/2008,262,3,1,9,24,3,12,
200817327,200817327,12,2008,6/17/2008,262,1,2,9,0,3,12,
200817327,200817327,12,2008,6/17/2008,262,2,1,9,0,3,12,
200817330,200817330,12,2008,6/17/2008,262,1,1,9,24,3,11,
200817339,200817339,12,2008,6/19/2008,262,7,9,9,0,3,11,
200817339,200817339,12,2008,6/19/2008,262,5,1,9,24,3,11,
200817339,200817339,12,2008,6/19/2008,262,3,1,9,26,3,11,
200817340,200817340,12,2008,6/19/2008,262,1,9,9,0,3,16,
200817341,200817341,12,2008,6/19/2008,262,8,9,9,0,3,12,
200817342,200817342,12,2008,6/23/2008,262,1,1,9,26,3,12,
200817343,200817343,12,2008,6/23/2008,262,1,1,9,26,3,11,
200817344,200817344,12,2008,6/23/2008,262,1,1,9,26,3,12,
200817344,200817344,12,2008,6/23/2008,262,1,2,9,39,3,12,
200817344,200817344,12,2008,6/23/2008,262,2,9,9,0,3,12,
200817349,200817349,12,2008,6/24/2008,262,4,1,9,26,3,12,
200817350,200817350,12,2008,6/24/2008,262,2,1,9,26,3,11,
200817352,200817352,12,2008,6/25/2008,262,1,1,9,26,3,12,
200817353,200817353,12,2008,6/25/2008,262,5,1,9,26,3,12,
200817353,200817353,12,2008,6/25/2008,262,1,1,9,29,3,12,
200817355,200817355,12,2008,6/26/2008,262,4,1,9,0,3,12,
200817355,200817355,12,2008,6/26/2008,262,1,9,9,0,3,12,
200817356,200817356,12,2008,6/26/2008,262,3,1,9,0,3,12,
200817356,200817356,12,2008,6/26/2008,262,1,1,9,26,3,12,
200817356,200817356,12,2008,6/26/2008,262,1,1,9,40,3,12,
200817356,200817356,12,2008,6/26/2008,262,1,2,9,26,3,12,
200817356,200817356,12,2008,6/26/2008,262,1,1,9,29,3,12,
200817359,200817359,12,2008,6/27/2008,262,1,2,9,26,3,12,
200817359,200817359,12,2008,6/27/2008,262,2,1,9,40,3,12,
200817359,200817359,12,2008,6/27/2008,262,2,1,9,26,3,12,
201017502,201017502,12,2010,6/4/2010,262,1,1,3,45,3,14,
201017504,201017504,12,2010,6/7/2010,262,1,1,3,41,3,11,
201017505,201017505,12,2010,6/7/2010,262,2,1,3,41,3,14,
201017505,201017505,12,2010,6/7/2010,262,1,1,3,42,3,14,
201017506,201017506,12,2010,6/7/2010,262,1,1,3,41,3,11,
201017508,201017508,12,2010,6/8/2010,262,3,1,3,41,3,11,
201017508,201017508,12,2010,6/8/2010,262,2,9,9,0,3,11,Lost
201017509,201017509,12,2010,6/8/2010,262,6,1,3,41,3,14,
201017509,201017509,12,2010,6/8/2010,262,1,1,3,48,3,14,
201017509,201017509,12,2010,6/8/2010,262,4,9,9,0,3,14,Released only 3 scanned for Pit Tags
201017510,201017510,12,2010,6/9/2010,262,3,1,3,41,3,11,
201017511,201017511,12,2010,6/9/2010,262,11,1,3,41,3,14,
201017511,201017511,12,2010,6/9/2010,262,1,2,2,41,3,14,
201017511,201017511,12,2010,6/9/2010,262,1,1,3,42,3,14,
201017511,201017511,12,2010,6/9/2010,262,1,9,9,0,3,14,Escaped
201017512,201017512,12,2010,6/9/2010,262,1,1,3,41,3,11,
201017513,201017513,12,2010,6/10/2010,262,2,1,3,41,3,14,
201017513,201017513,12,2010,6/10/2010,262,3,1,3,42,3,14,
201017514,201017514,12,2010,6/10/2010,262,4,1,3,41,3,14,
201017514,201017514,12,2010,6/10/2010,262,1,1,3,42,3,14,
201017515,201017515,12,2010,6/10/2010,262,1,1,3,41,3,11,
201017515,201017515,12,2010,6/10/2010,262,1,1,3,42,3,11,
201017522,201017522,12,2010,6/15/2010,262,2,1,3,41,3,14,
201017525,201017525,12,2010,6/16/2010,262,2,1,3,41,3,11,
201017534,201017534,12,2010,6/21/2010,262,1,1,3,41,3,14,
201017536,201017536,12,2010,6/21/2010,262,1,1,3,41,3,14,
201017538,201017538,12,2010,6/22/2010,262,1,1,3,41,3,14,
201017539,201017539,12,2010,6/22/2010,262,5,1,3,41,3,14,
201017539,201017539,12,2010,6/22/2010,262,1,1,3,42,3,14,
201017539,201017539,12,2010,6/22/2010,262,1,1,3,45,3,14,
201017540,201017540,12,2010,6/23/2010,262,1,1,3,41,3,14,
201117503,201117503,12,2011,6/8/2011,262,1,1,3,41,3,14,
201117504,201117504,12,2011,6/9/2011,262,1,1,3,41,3,11,
201117505,201117505,12,2011,6/9/2011,262,2,1,3,41,3,14,
201117506,201117506,12,2011,6/9/2011,262,1,1,3,41,3,14,
201117507,201117507,12,2011,6/13/2011,262,1,2,4,41,3,14,Seems to be spent female
201117508,201117508,12,2011,6/13/2011,262,2,1,3,41,3,14,
201117511,201117511,12,2011,6/14/2011,262,1,1,3,41,3,11,
201117513,201117513,12,2011,6/15/2011,262,6,1,3,41,3,11,
201117514,201117514,12,2011,6/15/2011,262,1,1,3,45,3,14,Dart recap Tagged on 6/9/11
201117515,201117515,12,2011,6/15/2011,262,1,1,3,42,3,14,
201117515,201117515,12,2011,6/15/2011,262,5,1,3,41,3,14,
201117515,201117515,12,2011,6/15/2011,262,5,9,9,0,3,14,"Cut out of net, too many fish for pen"
201117517,201117517,12,2011,6/16/2011,262,3,1,3,41,3,14,
201117518,201117518,12,2011,6/16/2011,262,1,1,3,41,3,11,"Tide was ripping,Hung on tree, net trashed"
201117521,201117521,12,2011,6/17/2011,262,1,1,3,41,3,14,
201117522,201117522,12,2011,6/20/2011,262,1,1,3,41,3,14,
201117524,201117524,12,2011,6/21/2011,262,1,1,3,41,3,14,
201117526,201117526,12,2011,6/21/2011,262,1,1,3,42,3,11,Pit recap Top of tail missing
201217501,201217501,12,2012,6/4/2012,262,1,1,3,41,3,14,
201217503,201217503,12,2012,6/4/2012,262,1,1,3,41,3,14,
201217505,201217505,12,2012,6/5/2012,262,1,1,3,41,3,14,
201217507,201217507,12,2012,6/6/2012,262,5,1,3,41,3,11,
201217509,201217509,12,2012,6/6/2012,262,1,1,3,42,3,14,
201217510,201217510,12,2012,6/7/2012,262,6,9,9,0,3,14,scanned and let go 6
201217511,201217511,12,2012,6/7/2012,262,2,1,3,29,3,14,
201217511,201217511,12,2012,6/7/2012,262,4,1,3,0,3,14,
201217512,201217512,12,2012,6/7/2012,262,7,1,3,26,3,11,19 total males scanned and let go
201217512,201217512,12,2012,6/7/2012,262,2,1,3,29,3,11,
201217512,201217512,12,2012,6/7/2012,262,1,1,3,45,3,11,
201217512,201217512,12,2012,6/7/2012,262,1,1,3,52,3,11,
201217512,201217512,12,2012,6/7/2012,262,8,1,3,0,3,11,
201217513,201217513,12,2012,6/11/2012,262,2,1,3,26,3,14,
201217514,201217514,12,2012,6/11/2012,262,9,1,3,26,3,14,
201217514,201217514,12,2012,6/11/2012,262,2,1,3,29,3,14,
201217516,201217516,12,2012,6/12/2012,262,1,1,3,29,3,11,
201217516,201217516,12,2012,6/12/2012,262,5,1,3,26,3,11,
201217516,201217516,12,2012,6/12/2012,262,6,9,9,0,3,11,
201217517,201217517,12,2012,6/12/2012,262,5,9,9,0,3,14,
201217517,201217517,12,2012,6/12/2012,262,5,1,3,26,3,14,
201217517,201217517,12,2012,6/12/2012,262,2,1,3,29,3,14,
201217517,201217517,12,2012,6/12/2012,262,1,1,3,52,3,14,
201217518,201217518,12,2012,6/12/2012,262,1,1,3,52,3,14,
201217519,201217519,12,2012,6/13/2012,262,2,1,3,26,3,14,
201217520,201217520,12,2012,6/13/2012,262,1,1,3,25,3,14,
201217520,201217520,12,2012,6/13/2012,262,2,1,3,29,3,14,
201217520,201217520,12,2012,6/13/2012,262,5,1,3,26,3,14,
201217520,201217520,12,2012,6/13/2012,262,3,9,9,0,3,14,
201217521,201217521,12,2012,6/13/2012,262,1,1,3,25,3,11,
201217521,201217521,12,2012,6/13/2012,262,1,1,3,29,3,11,
201217521,201217521,12,2012,6/13/2012,262,16,9,9,0,3,11,
201217526,201217526,12,2012,6/18/2012,262,2,1,3,26,3,14,
201217529,201217529,12,2012,6/19/2012,262,1,1,3,26,3,11,
201217530,201217530,12,2012,6/19/2012,262,1,1,3,26,3,14,
201217532,201217532,12,2012,6/20/2012,262,2,1,3,26,3,18,
201217532,201217532,12,2012,6/20/2012,262,1,1,3,29,3,18,
201217534,201217534,12,2012,6/20/2012,262,2,1,3,26,3,14,
201217535,201217535,12,2012,6/20/2012,262,2,1,3,26,3,11,
201217536,201217536,12,2012,6/21/2012,262,1,1,3,26,3,14,
201217538,201217538,12,2012,6/21/2012,262,1,1,3,26,3,14,
201317505,201317505,12,2013,6/5/2013,262,5,9,9,0,3,14,immediately released
201317506,201317506,12,2013,6/5/2013,262,2,9,9,0,3,11,immediately released
201317521,201317521,12,2013,6/13/2013,262,2,9,9,0,3,14,immediately released
201317522,201317522,12,2013,6/13/2013,262,4,9,9,0,3,14,immediately released
201317501,201317501,12,2013,6/4/2013,262,1,1,3,,3,11,
201317504,201317504,12,2013,6/5/2013,262,1,1,3,,3,14,
201317505,201317505,12,2013,6/5/2013,262,7,1,3,,3,14,
201317507,201317507,12,2013,6/5/2013,262,2,1,3,,3,14,
201317508,201317508,12,2013,6/6/2013,262,1,1,3,,3,11,
201317509,201317509,12,2013,6/6/2013,262,1,1,3,,3,11,
201317510,201317510,12,2013,6/10/2013,262,1,1,2,,3,11,
201317521,201317521,12,2013,6/12/2013,262,10,1,3,,3,14,
201317521,201317521,12,2013,6/12/2013,262,2,9,9,,3,14,
201317522,201317522,12,2013,6/13/2013,262,1,1,3,,3,14,
201317522,201317522,12,2013,6/13/2013,262,4,9,9,,3,14,
201317529,201317529,12,2013,6/18/2013,262,1,1,3,,3,11,
201317531,201317531,12,2013,6/19/2013,262,1,1,9,,3,11,
201317532,201317532,12,2013,6/19/2013,262,1,1,2,,3,14,
201317533,201317533,12,2013,6/20/2013,262,2,1,3,,3,14,
201317533,201317533,12,2013,6/20/2013,262,1,9,9,,3,14,
201317534,201317534,12,2013,6/20/2013,262,4,1,3,,3,14,
201317534,201317534,12,2013,6/20/2013,262,1,2,2,,3,14,
201317535,201317535,12,2013,6/20/2013,262,1,1,3,,3,14,
201417504,201417504,12,2014,6/9/2014,262,1,9,9,,3,11,
201417514,201417514,12,2014,6/18/2014,262,1,1,3,,3,14,
201417515,201417515,12,2014,6/18/2014,262,1,1,3,,3,11,
201417516,201417516,12,2014,6/18/2014,262,3,1,3,,3,14,
201417519,201417519,12,2014,6/19/2014,262,1,1,3,,3,14,
201417520,201417520,12,2014,6/19/2014,262,4,1,3,,3,11,
201417520,201417520,12,2014,6/19/2014,262,1,2,2,,3,11,
201417521,201417521,12,2014,6/20/2014,262,1,1,3,,3,11,
201417522,201417522,12,2014,6/20/2014,262,1,1,3,,3,14,
201417523,201417523,12,2014,6/20/2014,262,2,1,3,,3,14,
201417525,201417525,12,2014,6/23/2014,262,5,1,3,,3,11,
201417526,201417526,12,2014,6/23/2014,262,7,1,3,,3,14,
201417527,201417527,12,2014,6/24/2014,262,2,1,3,,3,11,
201417527,201417527,12,2014,6/24/2014,262,17,9,9,,3,11,
201417528,201417528,12,2014,6/24/2014,262,11,1,3,,3,11,
201417529,201417529,12,2014,6/24/2014,262,4,1,3,,3,14,
201417530,201417530,12,2014,6/25/2014,262,2,1,3,,3,11,
201417531,201417531,12,2014,6/25/2014,262,9,1,3,,3,14,
201517501,201517501,12,2015,6/5/2015,262,3,1,2,,3,14,
201517502,201517502,12,2015,6/5/2015,262,1,1,3,,3,14,
201517502,201517502,12,2015,6/5/2015,262,1,1,2,,3,14,
201517503,201517503,12,2015,6/5/2015,262,2,1,2,,3,11,
201517503,201517503,12,2015,6/5/2015,262,1,9,9,,3,11,
201517504,201517504,12,2015,6/8/2015,262,7,1,3,,3,14,
201517504,201517504,12,2015,6/8/2015,262,2,1,3,,3,14,"Let go, no process"
201517504,201517504,12,2015,6/8/2015,262,1,2,3,,3,14,
201517509,201517509,12,2015,6/9/2015,262,1,1,3,,3,14,
201517511,201517511,12,2015,6/10/2015,262,2,1,2,,3,14,
201517512,201517512,12,2015,6/10/2015,262,2,1,3,,3,14,
201517512,201517512,12,2015,6/10/2015,262,1,1,2,,3,14,
201517513,201517513,12,2015,6/10/2015,262,1,1,2,,3,11,
201517514,201517514,12,2015,6/11/2015,262,2,1,2,,3,11,
201517515,201517515,12,2015,6/11/2015,262,1,2,2,,3,14,
201517517,201517517,12,2015,6/12/2015,262,2,1,3,,3,14,
201517517,201517517,12,2015,6/12/2015,262,2,1,2,,3,14,
201517524,201517524,12,2015,6/15/2015,262,1,1,2,,3,14,
201517525,201517525,12,2015,6/16/2015,262,2,1,3,,3,14,
201517525,201517525,12,2015,6/16/2015,262,1,2,2,,3,14,
201517525,201517525,12,2015,6/16/2015,445,1,9,9,,3,14,
201517528,201517528,12,2015,6/17/2015,262,4,1,3,,3,14,
201517529,201517529,12,2015,6/17/2015,262,3,1,3,,3,11,
201517529,201517529,12,2015,6/17/2015,262,2,1,3,,3,11,
201517531,201517531,12,2015,6/18/2015,262,1,1,9,,3,11,
201517532,201517532,12,2015,6/18/2015,262,6,1,9,,3,14,
201517534,201517534,12,2015,6/19/2015,262,1,2,2,,3,14,
201517537,201517537,12,2015,6/22/2015,262,1,1,2,,3,14,
201517538,201517538,12,2015,6/22/2015,262,1,1,2,,3,11,
201517539,201517539,12,2015,6/22/2015,262,1,1,2,,3,14,
201517540,201517540,12,2015,6/23/2015,262,1,1,2,,3,14,
201517542,201517542,12,2015,6/23/2015,262,1,1,2,,3,11,
201517545,201517545,12,2015,6/24/2015,262,1,1,2,,3,14,
201517546,201517546,12,2015,6/24/2015,262,1,1,3,,3,11,
201517552,201517552,12,2015,6/26/2015,262,1,1,2,,3,11,
201517553,201517553,12,2015,6/26/2015,292,2,9,9,,3,14,
201617501,201617501,12,2016,,262,13,9,9,,,14,Let Go
201617501,201617501,12,2016,,262,3,1,3,,,14,
201617502,201617502,12,2016,,262,2,1,3,,,14,
201617503,201617503,12,2016,,262,1,1,3,,,11,
201617503,201617503,12,2016,,262,1,2,2,,,11,
201617504,201617504,12,2016,,262,1,2,9,,,11,
201617506,201617506,12,2016,,262,2,1,2,,,11,
201617507,201617507,12,2016,,262,4,1,2,,,14,
201617509,201617509,12,2016,,262,5,1,2,,,14,
201617510,201617510,12,2016,,262,2,1,2,,,18,
201617511,201617511,12,2016,,262,1,1,2,,,11,
201617513,201617513,12,2016,,262,1,1,3,,,11,
201617514,201617514,12,2016,,262,1,1,3,,,14,
201617515,201617515,12,2016,,262,3,1,3,,,14,
201617515,201617515,12,2016,,262,2,9,9,,,14,
201617516,201617516,12,2016,,262,3,1,3,,,14,
201617517,201617517,12,2016,,262,1,1,3,,,11,Recap from same day
201617518,201617518,12,2016,,262,3,1,3,,,11,
201617518,201617518,12,2016,,262,1,2,2,,,11,
201617519,201617519,12,2016,,262,5,1,3,,,14,
201617520,201617520,12,2016,,262,1,1,3,,,14,
201617520,201617520,12,2016,,262,1,9,9,,,14,
201617523,201617523,12,2016,,262,1,1,3,,,14,
201617524,201617524,12,2016,,262,3,1,3,,,14,
201617525,201617525,12,2016,,262,3,1,3,,,14,
201617525,201617525,12,2016,,262,1,9,9,,,14,
201617526,201617526,12,2016,,262,1,1,3,,,11,
201617527,201617527,12,2016,,262,3,1,3,,,11,
201617527,201617527,12,2016,,262,9,9,9,,,11,Let go
201617528,201617528,12,2016,,262,20,9,9,,,14,Let go
201617529,201617529,12,2016,,262,11,1,3,,,14,
201617529,201617529,12,2016,,262,4,9,9,,,14,
201617532,201617532,12,2016,,292,1,9,9,,,14,
201617536,201617536,12,2016,,262,2,9,9,,,11,
201617536,201617536,12,2016,,262,5,1,3,,,11,
201617536,201617536,12,2016,,262,1,2,2,,,11,
201617537,201617537,12,2016,,262,1,1,3,,,20,
201617538,201617538,12,2016,,292,7,9,9,,,18,
201617539,201617539,12,2016,,262,1,1,3,,,14,
201617540,201617540,12,2016,,262,1,1,3,,,14,
201617540,201617540,12,2016,,292,2,9,9,,,14,
201617541,201617541,12,2016,,292,5,9,9,,,14,
201617542,201617542,12,2016,,292,1,9,9,,,14,
201617545,201617545,12,2016,,262,9,1,3,,,11,
201617546,201617546,12,2016,,262,3,1,3,,,14,
201717520,201717520,12,2017,6/11/2017,262,1,1,3,,,14,
201717526,201717526,12,2017,6/13/2017,262,7,1,3,,,14,
201717528,201717528,12,2017,6/13/2017,262,2,1,3,,,14,
201717532,201717532,12,2017,6/15/2017,262,9,1,3,,,14,
201717533,201717533,12,2017,6/15/2017,262,2,1,3,,,14,
201717534,201717534,12,2017,6/15/2017,262,2,1,3,,,11,
201717535,201717535,12,2017,6/16/2017,262,1,1,3,,,14,
201717538,201717538,12,2017,6/19/2017,262,3,1,3,,,11,
201717539,201717539,12,2017,6/19/2017,262,1,1,3,,,14,
201717540,201717540,12,2017,6/19/2017,262,3,1,3,,,14,
201717543,201717543,12,2017,6/20/2017,262,1,1,3,,,14,
201717544,201717544,12,2017,6/21/2017,262,3,1,3,,,14,
201717545,201717545,12,2017,6/21/2017,262,2,2,2,,,11,
201717545,201717545,12,2017,6/21/2017,262,2,1,3,,,11,
201717546,201717546,12,2017,6/21/2017,262,1,1,3,,,11,
201717547,201717547,12,2017,6/22/2017,262,2,1,3,,,14,
201717548,201717548,12,2017,6/22/2017,262,2,1,3,,,11,
201717549,201717549,12,2017,6/22/2017,262,6,1,3,,,14,
201717550,201717550,12,2017,6/23/2017,262,5,1,3,,,14,
201717551,201717551,12,2017,6/23/2017,262,6,1,3,,,11,
201717552,201717552,12,2017,6/23/2017,262,4,1,3,,,14,
201717527,201717527,12,2017,6/13/2017,262,2,1,3,,,11,
201717515,201717515,12,2017,6/8/2017,262,1,9,9,,,14,
201717513,201717513,12,2017,6/8/2017,262,1,9,9,,,11,
201717539,201717539,12,2017,6/19/2017,262,4,9,9,,,14,
201717538,201717538,12,2017,6/19/2017,262,1,9,9,,,11,
201717501,201717501,12,2017,6/1/2017,262,3,1,3,,,11,
201717502,201717502,12,2017,6/1/2017,262,4,1,3,,,14,
201717503,201717503,12,2017,6/1/2017,262,3,1,3,,,14,
201717504,201717504,12,2017,6/2/2017,262,8,1,3,,,11,
201717506,201717506,12,2017,6/2/2017,262,1,1,3,,,14,
201717508,201717508,12,2017,6/5/2017,262,2,1,3,,,14,
201717509,201717509,12,2017,6/5/2017,262,1,1,3,,,14,
201717514,201717514,12,2017,6/8/2017,262,5,1,3,,,14,
201717515,201717515,12,2017,6/8/2017,262,2,1,3,,,14,
201717516,201717516,12,2017,6/9/2017,262,2,1,3,,,11,
201717517,201717517,12,2017,6/9/2017,262,1,1,3,,,14,
201717518,201717518,12,2017,6/9/2017,262,2,1,3,,,14,
201717518,201717518,12,2017,6/9/2017,262,1,2,2,,,14,
201717520,201717520,12,2017,6/11/2017,262,1,2,2,,,14,
201617547,201617547,12,2016,,262,3,1,3,,,14,
201817501,201817501,12,2018,6/1/2018,262,4,1,3,,,11,processed
201817502,201817502,12,2018,6/1/2018,262,2,1,3,,,14,processed
201817503,201817503,12,2018,6/1/2018,262,1,9,9,,,14,escaped capture
201817504,201817504,12,2018,6/4/2018,262,2,1,3,,,14,processed
201817504,201817504,12,2018,6/4/2018,262,1,2,2,,,14,processed
201817505,201817505,12,2018,6/4/2018,262,3,1,3,,,14,processed
201817506,201817506,12,2018,6/4/2018,262,4,1,3,,,11,processed
201817507,201817507,12,2018,6/5/2018,262,2,1,3,,,14,processed
201817508,201817508,12,2018,6/5/2018,262,2,1,3,,,11,processed
201817509,201817509,12,2018,6/5/2018,262,2,1,3,,,14,processed
201817510,201817510,12,2018,6/6/2018,262,1,1,3,,,14,processed
201817511,201817511,12,2018,6/6/2018,262,1,1,3,,,11,processed
201817512,201817512,12,2018,6/6/2018,262,1,1,3,,,14,processed
201817513,201817513,12,2018,6/7/2018,262,1,2,2,,,14,processed
201817513,201817513,12,2018,6/7/2018,262,5,1,3,,,14,processed
201817514,201817514,12,2018,6/7/2018,262,3,1,3,,,11,processed
201817515,201817515,12,2018,6/7/2018,262,6,1,3,,,14,processed
201817517,201817517,12,2018,6/11/2018,262,3,1,3,,,14,processed
201817517,201817517,12,2018,6/11/2018,262,1,2,3,,,14,processed
201817536,201817536,12,2018,6/20/2018,262,4,1,3,,,14,processed
201817537,201817537,12,2018,6/20/2018,262,9,1,3,,,14,processed
201817538,201817538,12,2018,6/20/2018,262,3,1,3,,,11,processed
201817541,201817541,12,2018,6/21/2018,262,1,1,3,,,11,processed
201817542,201817542,12,2018,6/22/2018,262,1,1,3,,,11,processed
201817544,201817544,12,2018,6/22/2018,262,1,2,2,,,14,processed
201817544,201817544,12,2018,6/22/2018,262,1,1,3,,,14,processed
201817546,201817546,12,2018,6/25/2018,262,3,1,3,,,14,processed
201817546,201817546,12,2018,6/25/2018,262,3,9,9,,,14,escaped capture
201817546,201817546,12,2018,6/25/2018,262,1,9,9,,,14,scanned and let go
201817547,201817547,12,2018,6/25/2018,262,2,1,3,,,11,processed
201817504,201817504,12,2018,6/4/2018,262,1,9,9,,,14,escaped capture
201817504,201817504,12,2018,6/4/2018,262,4,9,9,,,14,scanned and let go
201817504,201817504,12,2018,6/4/2018,262,1,9,9,,,14,floating on surface and processed
201817505,201817505,12,2018,6/4/2018,262,3,9,9,,,14,escaped capture
201817506,201817506,12,2018,6/4/2018,262,1,9,9,,,11,escaped capture
201817508,201817508,12,2018,6/5/2018,262,1,9,9,,,11,escaped capture
201817514,201817514,12,2018,6/7/2018,262,1,9,9,,,14,escaped capture
201817523,201817523,12,2018,6/13/2018,262,1,9,9,,,14,escaped capture
201817524,201817524,12,2018,6/13/2018,262,1,9,9,,,14,escaped capture
201817525,201817525,12,2018,6/13/2018,262,3,9,9,,,11,scanned and let go
201817529,201817529,12,2018,6/15/2018,262,2,9,9,,,11,scanned and let go
201817530,201817530,12,2018,6/15/2018,262,8,9,9,,,14,scanned and let go
201817536,201817536,12,2018,6/20/2018,262,4,9,9,,,14,scanned and let go
201817520,201817520,12,2018,6/12/2018,262,5,1,3,,,11,processed
201817521,201817521,12,2018,6/12/2018,262,1,1,3,,,14,processed
201817522,201817522,12,2018,6/12/2018,262,7,1,3,,,14,processed
201817523,201817523,12,2018,6/13/2018,262,3,1,3,,,14,processed
201817524,201817524,12,2018,6/13/2018,262,6,1,3,,,14,processed
201817525,201817525,12,2018,6/13/2018,262,4,1,3,,,11,processed
201817526,201817526,12,2018,6/14/2018,262,2,1,3,,,11,processed
201817527,201817527,12,2018,6/14/2018,262,3,1,3,,,14,processed
201817528,201817528,12,2018,6/15/2018,262,4,1,3,,,14,processed
201817529,201817529,12,2018,6/15/2018,262,1,2,2,,,11,processed
201817529,201817529,12,2018,6/15/2018,262,4,1,3,,,11,processed
201817530,201817530,12,2018,6/15/2018,262,5,1,3,,,14,processed
201817531,201817531,12,2018,6/18/2018,262,1,1,3,,,11,processed
201817532,201817532,12,2018,6/18/2018,262,1,2,2,,,14,processed
201817532,201817532,12,2018,6/18/2018,262,2,1,3,,,14,processed
201817534,201817534,12,2018,6/19/2018,262,1,1,3,,,11,processed
201817518,201817518,12,2018,6/11/2018,262,3,1,3,,,14,processed
201917517,201917517,12,2019,6/11/2019,262,1,1,3,,,14,processed
201917518,201917518,12,2019,6/12/2019,262,3,1,3,,,11,processed
201917519,201917519,12,2019,6/12/2019,262,11,1,3,,,14,processed
201917519,201917519,12,2019,6/12/2019,262,1,2,2,,,14,processed
201917520,201917520,12,2019,6/12/2019,262,5,1,3,,,14,scanned & released
201917522,201917522,12,2019,6/13/2019,262,2,1,3,,,14,processed
201917523,201917523,12,2019,6/13/2019,262,4,1,3,,,14,processed
201917523,201917523,12,2019,6/13/2019,262,1,2,2,,,14,processed
201917524,201917524,12,2019,6/14/2019,262,1,1,3,,,14,processed
201917525,201917525,12,2019,6/14/2019,262,1,2,2,,,14,processed
201917527,201917527,12,2019,6/17/2019,262,4,1,3,,,14,processed
201917527,201917527,12,2019,6/17/2019,262,1,1,3,,,14,scanned & released
201917528,201917528,12,2019,6/17/2019,262,1,1,3,,,11,processed
201917528,201917528,12,2019,6/17/2019,262,5,9,9,,,11,scanned & released
201917529,201917529,12,2019,6/17/2019,262,2,1,3,,,14,processed
201917529,201917529,12,2019,6/17/2019,262,3,9,9,,,14,scanned & released
201917534,201917534,12,2019,6/19/2019,262,2,1,3,,,11,processed
201917535,201917535,12,2019,6/19/2019,262,6,1,3,,,14,processed
201917535,201917535,12,2019,6/19/2019,262,1,9,9,,,14,scanned & released
201917536,201917536,12,2019,6/19/2019,262,1,2,2,,,14,processed
201917536,201917536,12,2019,6/19/2019,262,6,9,9,,,14,released
201917548,201917548,12,2019,6/24/2019,262,1,1,3,,,11,processed
201917549,201917549,12,2019,6/25/2019,262,2,1,3,,,14,processed
201917556,201917556,12,2019,6/26/2019,262,1,1,3,,,11,processed
201917565,201917565,12,2019,6/28/2019,262,1,2,2,,,14,processed
202017502,202017502,12,2020,6/16/2020,262,1,1,3,,,14,processed
202017503,202017503,12,2020,6/17/2020,262,3,1,3,,,14,processed
202017503,202017503,12,2020,6/17/2020,262,1,9,9,,,14,scanned & released
202017504,202017504,12,2020,6/17/2020,262,2,1,3,,,14,processed
202017504,202017504,12,2020,6/17/2020,262,3,9,9,,,14,scanned & released
202017505,202017505,12,2020,6/17/2020,262,3,1,3,,,11,processed
202017505,202017505,12,2020,6/17/2020,262,1,2,2,,,11,processed
202017505,202017505,12,2020,6/17/2020,262,1,9,9,,,11,scanned & released
202017506,202017506,12,2020,6/18/2020,262,4,1,3,,,14,processed
202017507,202017507,12,2020,6/18/2020,262,1,1,3,,,14,processed
202017507,202017507,12,2020,6/18/2020,262,1,2,2,,,14,processed
202017507,202017507,12,2020,6/18/2020,262,1,9,9,,,14,released
202017509,202017509,12,2020,6/22/2020,262,3,1,3,,,11,processed
202017510,202017510,12,2020,6/22/2020,262,1,1,3,,,14,processed
202017511,202017511,12,2020,6/22/2020,262,1,1,3,,,14,processed
202017513,202017513,12,2020,6/23/2020,262,1,1,3,,,14,processed
202017514,202017514,12,2020,6/23/2020,262,2,1,3,,,14,processed
202017514,202017514,12,2020,6/23/2020,262,1,9,9,,,14,released
202017516,202017516,12,2020,6/24/2020,262,1,1,3,,,11,processed
202017516,202017516,12,2020,6/24/2020,262,1,9,9,,,11,released
202017518,202017518,12,2020,6/25/2020,262,1,1,3,,,11,processed
202017519,202017519,12,2020,6/25/2020,262,2,1,3,,,14,processed
202017520,202017520,12,2020,6/25/2020,262,2,1,3,,,14,processed
202017520,202017520,12,2020,6/25/2020,262,1,2,2,,,14,processed
202017521,202017521,12,2020,6/26/2020,262,1,1,3,,,14,processed
202017521,202017521,12,2020,6/26/2020,262,1,2,2,,,14,processed
202017522,202017522,12,2020,6/26/2020,262,2,1,3,,,14,processed
