SITE,YEAR,REP,BATCH,RM,SHORE,SET_SAMP,DATE,HABITAT,NUMBER,SEX,DOY,DAY
37-3,2023,1,202317001,37,3,1,2023-02-22,SD,0,NA,53,Wed
36-1,2023,1,202317002,36,1,1,2023-02-22,SD,0,NA,53,Wed
38-3,2023,1,202317003,38,3,1,2023-02-27,SD,0,NA,58,Mon
36-3,2023,1,202317004,36,3,1,2023-02-27,SD,0,NA,58,Mon
35-3,2023,1,202317008,35,3,1,2023-03-01,SD,1,9,60,Wed
39-1,2023,1,202317010,39,1,1,2023-03-02,SD,0,NA,61,Thu
37-1,2023,1,202317012,37,1,1,2023-03-02,SD,0,NA,61,Thu
39-3,2023,1,202317013,39,3,1,2023-03-03,SD,2,9,62,Fri
38-1,2023,1,202317018,38,1,1,2023-03-06,SD,0,NA,65,Mon
35-1,2023,1,202317096,35,1,1,2023-04-14,SD,0,NA,104,Fri
37-3,2024,1,202417003,37,3,1,2024-03-04,SD,0,NA,64,Mon
36-1,2024,1,202417005,36,1,1,2024-03-03,SD,1,9,63,Sun
38-3,2024,1,202417010,38,3,1,2024-03-06,SD,0,NA,66,Wed
36-3,2024,1,202417013,36,3,1,2024-03-08,SD,1,9,68,Fri
35-3,2024,1,202417006,35,3,1,2024-03-05,SD,0,NA,65,Tue
39-1,2024,1,202417019,39,1,1,2024-03-14,SD,0,NA,74,Thu
37-1,2024,1,202417009,37,1,1,2024-03-06,SD,0,NA,66,Wed
39-3,2024,1,202417001,39,3,1,2024-03-04,SD,0,NA,64,Mon
38-1,2024,1,202417002,38,1,1,2024-03-04,SD,0,NA,64,Mon
35-1,2024,1,202417082,35,1,1,2024-04-22,SD,0,NA,113,Mon
37-3,2025,1,202517001,37,3,1,2025-03-10,SD,0,NA,69,Mon
36-1,2025,1,202517006,36,1,1,2025-03-11,SD,0,NA,70,Tue
38-3,2025,1,202517010,38,3,1,2025-03-12,SD,1,9,71,Wed
36-3,2025,1,202517014,36,3,1,2025-03-13,SD,0,NA,72,Thu
35-3,2025,1,202517013,35,3,1,2025-03-13,SD,0,NA,72,Thu
39-1,2025,1,202517009,39,1,1,2025-03-12,SD,0,NA,71,Wed
37-1,2025,1,202517003,37,1,1,2025-03-10,SD,0,NA,69,Mon
39-3,2025,1,202517002,39,3,1,2025-03-10,SD,1,9,69,Mon
38-1,2025,1,202517008,38,1,1,2025-03-12,SD,0,NA,71,Wed
35-1,2025,1,202517095,35,1,1,2025-04-28,SD,0,NA,118,Mon
37-3,2023,2,202317001,37,3,1,2023-02-22,SD,0,NA,53,Wed
36-1,2023,2,202317002,36,1,1,2023-02-22,SD,0,NA,53,Wed
38-3,2023,2,202317003,38,3,1,2023-02-27,SD,0,NA,58,Mon
36-3,2023,2,202317004,36,3,1,2023-02-27,SD,0,NA,58,Mon
35-3,2023,2,202317008,35,3,1,2023-03-01,SD,1,9,60,Wed
39-1,2023,2,202317010,39,1,1,2023-03-02,SD,0,NA,61,Thu
37-1,2023,2,202317012,37,1,1,2023-03-02,SD,0,NA,61,Thu
39-3,2023,2,202317013,39,3,1,2023-03-03,SD,2,9,62,Fri
38-1,2023,2,202317018,38,1,1,2023-03-06,SD,0,NA,65,Mon
35-1,2023,2,202317096,35,1,1,2023-04-14,SD,0,NA,104,Fri
37-3,2024,2,202417003,37,3,1,2024-03-04,SD,0,NA,64,Mon
36-1,2024,2,202417005,36,1,1,2024-03-03,SD,1,9,63,Sun
38-3,2024,2,202417010,38,3,1,2024-03-06,SD,0,NA,66,Wed
36-3,2024,2,202417013,36,3,1,2024-03-08,SD,1,9,68,Fri
35-3,2024,2,202417006,35,3,1,2024-03-05,SD,0,NA,65,Tue
39-1,2024,2,202417019,39,1,1,2024-03-14,SD,0,NA,74,Thu
37-1,2024,2,202417009,37,1,1,2024-03-06,SD,0,NA,66,Wed
39-3,2024,2,202417001,39,3,1,2024-03-04,SD,0,NA,64,Mon
38-1,2024,2,202417002,38,1,1,2024-03-04,SD,0,NA,64,Mon
35-1,2024,2,202417082,35,1,1,2024-04-22,SD,0,NA,113,Mon
37-3,2025,2,202517001,37,3,1,2025-03-10,SD,0,NA,69,Mon
36-1,2025,2,202517006,36,1,1,2025-03-11,SD,0,NA,70,Tue
38-3,2025,2,202517010,38,3,1,2025-03-12,SD,1,9,71,Wed
36-3,2025,2,202517014,36,3,1,2025-03-13,SD,0,NA,72,Thu
35-3,2025,2,202517013,35,3,1,2025-03-13,SD,0,NA,72,Thu
39-1,2025,2,202517009,39,1,1,2025-03-12,SD,0,NA,71,Wed
37-1,2025,2,202517003,37,1,1,2025-03-10,SD,0,NA,69,Mon
39-3,2025,2,202517002,39,3,1,2025-03-10,SD,1,9,69,Mon
38-1,2025,2,202517008,38,1,1,2025-03-12,SD,0,NA,71,Wed
35-1,2025,2,202517095,35,1,1,2025-04-28,SD,0,NA,118,Mon
37-3,2023,3,202317001,37,3,1,2023-02-22,SD,0,NA,53,Wed
36-1,2023,3,202317002,36,1,1,2023-02-22,SD,0,NA,53,Wed
38-3,2023,3,202317003,38,3,1,2023-02-27,SD,0,NA,58,Mon
36-3,2023,3,202317004,36,3,1,2023-02-27,SD,0,NA,58,Mon
35-3,2023,3,202317008,35,3,1,2023-03-01,SD,1,9,60,Wed
39-1,2023,3,202317010,39,1,1,2023-03-02,SD,0,NA,61,Thu
37-1,2023,3,202317012,37,1,1,2023-03-02,SD,0,NA,61,Thu
39-3,2023,3,202317013,39,3,1,2023-03-03,SD,2,9,62,Fri
38-1,2023,3,202317018,38,1,1,2023-03-06,SD,0,NA,65,Mon
35-1,2023,3,202317096,35,1,1,2023-04-14,SD,0,NA,104,Fri
37-3,2024,3,202417003,37,3,1,2024-03-04,SD,0,NA,64,Mon
36-1,2024,3,202417005,36,1,1,2024-03-03,SD,1,9,63,Sun
38-3,2024,3,202417010,38,3,1,2024-03-06,SD,0,NA,66,Wed
36-3,2024,3,202417013,36,3,1,2024-03-08,SD,1,9,68,Fri
35-3,2024,3,202417006,35,3,1,2024-03-05,SD,0,NA,65,Tue
39-1,2024,3,202417019,39,1,1,2024-03-14,SD,0,NA,74,Thu
37-1,2024,3,202417009,37,1,1,2024-03-06,SD,0,NA,66,Wed
39-3,2024,3,202417001,39,3,1,2024-03-04,SD,0,NA,64,Mon
38-1,2024,3,202417002,38,1,1,2024-03-04,SD,0,NA,64,Mon
35-1,2024,3,202417082,35,1,1,2024-04-22,SD,0,NA,113,Mon
37-3,2025,3,202517001,37,3,1,2025-03-10,SD,0,NA,69,Mon
36-1,2025,3,202517006,36,1,1,2025-03-11,SD,0,NA,70,Tue
38-3,2025,3,202517010,38,3,1,2025-03-12,SD,1,9,71,Wed
36-3,2025,3,202517014,36,3,1,2025-03-13,SD,0,NA,72,Thu
35-3,2025,3,202517013,35,3,1,2025-03-13,SD,0,NA,72,Thu
39-1,2025,3,202517009,39,1,1,2025-03-12,SD,0,NA,71,Wed
37-1,2025,3,202517003,37,1,1,2025-03-10,SD,0,NA,69,Mon
39-3,2025,3,202517002,39,3,1,2025-03-10,SD,1,9,69,Mon
38-1,2025,3,202517008,38,1,1,2025-03-12,SD,0,NA,71,Wed
35-1,2025,3,202517095,35,1,1,2025-04-28,SD,0,NA,118,Mon
37-3,2023,4,202317014,37,3,1,2023-03-03,SD,1,9,62,Fri
36-1,2023,4,202317006,36,1,1,2023-02-27,SD,1,9,58,Mon
38-3,2023,4,202317025,38,3,1,2023-03-09,SD,5,9,68,Thu
36-3,2023,4,202317009,36,3,1,2023-03-01,SD,3,9,60,Wed
35-3,2023,4,202317037,35,3,1,2023-03-16,SD,0,NA,75,Thu
39-1,2023,4,202317022,39,1,1,2023-03-07,SD,0,NA,66,Tue
37-1,2023,4,202317021,37,1,3,2023-03-07,SD,0,NA,66,Tue
39-3,2023,4,202317013,39,3,1,2023-03-03,SD,2,9,62,Fri
38-1,2023,4,202317026,38,1,1,2023-03-09,SD,0,NA,68,Thu
35-1,2023,4,NA,NA,NA,NA,NA,NA,NA,NA,NA,NA
37-3,2024,4,202417007,37,3,1,2024-03-05,SD,0,NA,65,Tue
36-1,2024,4,202417015,36,1,1,2024-03-08,SD,0,NA,68,Fri
38-3,2024,4,202417016,38,3,1,2024-03-14,SD,0,NA,74,Thu
36-3,2024,4,202417018,36,3,1,2024-03-14,SD,0,NA,74,Thu
35-3,2024,4,202417036,35,3,1,2024-03-26,SD,0,NA,86,Tue
39-1,2024,4,202417028,39,1,1,2024-03-25,SD,1,9,85,Mon
37-1,2024,4,202417033,37,1,1,2024-03-26,SD,1,9,86,Tue
39-3,2024,4,202417026,39,3,1,2024-03-22,SD,0,NA,82,Fri
38-1,2024,4,202417073,38,1,1,2024-04-18,SD,2,9,109,Thu
35-1,2024,4,NA,NA,NA,NA,NA,NA,NA,NA,NA,NA
37-3,2025,4,202517005,37,3,1,2025-03-11,SD,0,NA,70,Tue
36-1,2025,4,202517012,36,1,1,2025-03-13,SD,1,9,72,Thu
38-3,2025,4,202517010,38,3,1,2025-03-12,SD,1,9,71,Wed
36-3,2025,4,202517025,36,3,1,2025-03-20,SD,1,9,79,Thu
35-3,2025,4,202517037,35,3,1,2025-03-28,SD,0,NA,87,Fri
39-1,2025,4,202517026,39,1,1,2025-03-20,SD,0,NA,79,Thu
37-1,2025,4,202517020,37,1,1,2025-03-17,SD,0,NA,76,Mon
39-3,2025,4,202517002,39,3,1,2025-03-10,SD,1,9,69,Mon
38-1,2025,4,202517019,38,1,1,2025-03-14,SD,0,NA,73,Fri
35-1,2025,4,202517109,35,1,1,2025-05-05,SD,0,NA,125,Mon
37-3,2023,5,202317014,37,3,1,2023-03-03,SD,1,9,62,Fri
36-1,2023,5,202317006,36,1,1,2023-02-27,SD,2,9,58,Mon
38-3,2023,5,202317025,38,3,1,2023-03-09,SD,1,9,68,Thu
36-3,2023,5,202317009,36,3,1,2023-03-01,SD,3,9,60,Wed
35-3,2023,5,202317037,35,3,1,2023-03-16,SD,0,NA,75,Thu
39-1,2023,5,202317022,39,1,1,2023-03-07,SD,0,NA,66,Tue
37-1,2023,5,202317021,37,1,3,2023-03-07,SD,0,NA,66,Tue
39-3,2023,5,202317013,39,3,1,2023-03-03,SD,2,9,62,Fri
38-1,2023,5,202317026,38,1,1,2023-03-09,SD,0,NA,68,Thu
35-1,2023,5,NA,NA,NA,NA,NA,NA,NA,NA,NA,NA
37-3,2024,5,202417007,37,3,1,2024-03-05,SD,0,NA,65,Tue
36-1,2024,5,202417015,36,1,1,2024-03-08,SD,0,NA,68,Fri
38-3,2024,5,202417016,38,3,1,2024-03-14,SD,0,NA,74,Thu
36-3,2024,5,202417018,36,3,1,2024-03-14,SD,0,NA,74,Thu
35-3,2024,5,202417036,35,3,1,2024-03-26,SD,0,NA,86,Tue
39-1,2024,5,202417028,39,1,1,2024-03-25,SD,1,9,85,Mon
37-1,2024,5,202417033,37,1,1,2024-03-26,SD,1,9,86,Tue
39-3,2024,5,202417026,39,3,1,2024-03-22,SD,0,NA,82,Fri
38-1,2024,5,202417073,38,1,1,2024-04-18,SD,2,9,109,Thu
35-1,2024,5,NA,NA,NA,NA,NA,NA,NA,NA,NA,NA
37-3,2025,5,202517005,37,3,1,2025-03-11,SD,0,NA,70,Tue
36-1,2025,5,202517012,36,1,1,2025-03-13,SD,1,9,72,Thu
38-3,2025,5,202517010,38,3,1,2025-03-12,SD,1,9,71,Wed
36-3,2025,5,202517025,36,3,1,2025-03-20,SD,1,9,79,Thu
35-3,2025,5,202517037,35,3,1,2025-03-28,SD,0,NA,87,Fri
39-1,2025,5,202517026,39,1,1,2025-03-20,SD,0,NA,79,Thu
37-1,2025,5,202517020,37,1,1,2025-03-17,SD,0,NA,76,Mon
39-3,2025,5,202517002,39,3,1,2025-03-10,SD,1,9,69,Mon
38-1,2025,5,202517019,38,1,1,2025-03-14,SD,0,NA,73,Fri
35-1,2025,5,202517109,35,1,1,2025-05-05,SD,0,NA,125,Mon
37-3,2023,6,202317014,37,3,1,2023-03-03,SD,1,9,62,Fri
36-1,2023,6,202317006,36,1,1,2023-02-27,SD,4,9,58,Mon
38-3,2023,6,202317025,38,3,1,2023-03-09,SD,2,9,68,Thu
36-3,2023,6,202317009,36,3,1,2023-03-01,SD,3,9,60,Wed
35-3,2023,6,202317037,35,3,1,2023-03-16,SD,0,NA,75,Thu
39-1,2023,6,202317022,39,1,1,2023-03-07,SD,0,NA,66,Tue
37-1,2023,6,202317021,37,1,3,2023-03-07,SD,0,NA,66,Tue
39-3,2023,6,202317013,39,3,1,2023-03-03,SD,2,9,62,Fri
38-1,2023,6,202317026,38,1,1,2023-03-09,SD,0,NA,68,Thu
35-1,2023,6,NA,NA,NA,NA,NA,NA,NA,NA,NA,NA
37-3,2024,6,202417007,37,3,1,2024-03-05,SD,0,NA,65,Tue
36-1,2024,6,202417015,36,1,1,2024-03-08,SD,0,NA,68,Fri
38-3,2024,6,202417016,38,3,1,2024-03-14,SD,0,NA,74,Thu
36-3,2024,6,202417018,36,3,1,2024-03-14,SD,0,NA,74,Thu
35-3,2024,6,202417036,35,3,1,2024-03-26,SD,0,NA,86,Tue
39-1,2024,6,202417028,39,1,1,2024-03-25,SD,1,9,85,Mon
37-1,2024,6,202417033,37,1,1,2024-03-26,SD,1,9,86,Tue
39-3,2024,6,202417026,39,3,1,2024-03-22,SD,0,NA,82,Fri
38-1,2024,6,202417073,38,1,1,2024-04-18,SD,2,9,109,Thu
35-1,2024,6,NA,NA,NA,NA,NA,NA,NA,NA,NA,NA
37-3,2025,6,202517005,37,3,1,2025-03-11,SD,0,NA,70,Tue
36-1,2025,6,202517012,36,1,1,2025-03-13,SD,1,9,72,Thu
38-3,2025,6,202517010,38,3,1,2025-03-12,SD,1,9,71,Wed
36-3,2025,6,202517025,36,3,1,2025-03-20,SD,1,9,79,Thu
35-3,2025,6,202517037,35,3,1,2025-03-28,SD,0,NA,87,Fri
39-1,2025,6,202517026,39,1,1,2025-03-20,SD,0,NA,79,Thu
37-1,2025,6,202517020,37,1,1,2025-03-17,SD,0,NA,76,Mon
39-3,2025,6,202517002,39,3,1,2025-03-10,SD,1,9,69,Mon
38-1,2025,6,202517019,38,1,1,2025-03-14,SD,0,NA,73,Fri
35-1,2025,6,202517109,35,1,1,2025-05-05,SD,0,NA,125,Mon
37-3,2023,7,202317014,37,3,1,2023-03-03,SD,1,9,62,Fri
36-1,2023,7,202317006,36,1,1,2023-02-27,SD,1,9,58,Mon
38-3,2023,7,202317025,38,3,1,2023-03-09,SD,5,9,68,Thu
36-3,2023,7,202317015,36,3,1,2023-03-03,SD,4,9,62,Fri
35-3,2023,7,202317050,35,3,1,2023-03-21,SD,1,9,80,Tue
39-1,2023,7,202317074,39,1,1,2023-04-03,SD,0,NA,93,Mon
37-1,2023,7,202317033,37,1,1,2023-03-13,SD,0,NA,72,Mon
39-3,2023,7,202317017,39,3,1,2023-03-09,SD,1,9,68,Thu
38-1,2023,7,202317044,38,1,1,2023-03-20,SD,1,9,79,Mon
35-1,2023,7,NA,NA,NA,NA,NA,NA,NA,NA,NA,NA
37-3,2024,7,202417012,37,3,1,2024-03-08,SD,0,NA,68,Fri
36-1,2024,7,202417021,36,1,1,2024-03-18,SD,1,9,78,Mon
38-3,2024,7,202417024,38,3,1,2024-03-22,SD,0,NA,82,Fri
36-3,2024,7,202417027,36,3,1,2024-03-22,SD,0,NA,82,Fri
35-3,2024,7,202417065,35,3,1,2024-04-16,SD,1,9,107,Tue
39-1,2024,7,202417064,39,1,1,2024-04-15,SD,0,NA,106,Mon
37-1,2024,7,202417038,37,1,1,2024-03-27,SD,0,NA,87,Wed
39-3,2024,7,202417030,39,3,1,2024-03-25,SD,1,9,85,Mon
38-1,2024,7,202417084,38,1,1,2024-04-23,SD,2,9,114,Tue
35-1,2024,7,NA,NA,NA,NA,NA,NA,NA,NA,NA,NA
37-3,2025,7,202517018,37,3,1,2025-03-14,SD,1,9,73,Fri
36-1,2025,7,202517012,36,1,1,2025-03-13,SD,1,9,72,Thu
38-3,2025,7,202517028,38,3,1,2025-03-25,SD,1,9,84,Tue
36-3,2025,7,202517036,36,3,1,2025-03-28,SD,0,NA,87,Fri
35-3,2025,7,202517056,35,3,1,2025-04-10,SD,0,NA,100,Thu
39-1,2025,7,202517033,39,1,1,2025-03-27,SD,0,NA,86,Thu
37-1,2025,7,202517029,37,1,1,2025-03-26,SD,2,9,85,Wed
39-3,2025,7,202517024,39,3,1,2025-03-20,SD,1,9,79,Thu
38-1,2025,7,202517032,38,1,1,2025-03-26,SD,0,NA,85,Wed
35-1,2025,7,NA,NA,NA,NA,NA,NA,NA,NA,NA,NA
37-3,2023,8,202317014,37,3,1,2023-03-03,SD,1,9,62,Fri
36-1,2023,8,202317006,36,1,1,2023-02-27,SD,2,9,58,Mon
38-3,2023,8,202317025,38,3,1,2023-03-09,SD,1,9,68,Thu
36-3,2023,8,202317015,36,3,1,2023-03-03,SD,2,9,62,Fri
35-3,2023,8,202317050,35,3,1,2023-03-21,SD,1,9,80,Tue
39-1,2023,8,202317074,39,1,1,2023-04-03,SD,0,NA,93,Mon
37-1,2023,8,202317033,37,1,1,2023-03-13,SD,0,NA,72,Mon
39-3,2023,8,202317017,39,3,1,2023-03-09,SD,1,9,68,Thu
38-1,2023,8,202317044,38,1,1,2023-03-20,SD,1,9,79,Mon
35-1,2023,8,NA,NA,NA,NA,NA,NA,NA,NA,NA,NA
37-3,2024,8,202417012,37,3,1,2024-03-08,SD,0,NA,68,Fri
36-1,2024,8,202417021,36,1,1,2024-03-18,SD,1,9,78,Mon
38-3,2024,8,202417024,38,3,1,2024-03-22,SD,0,NA,82,Fri
36-3,2024,8,202417027,36,3,1,2024-03-22,SD,0,NA,82,Fri
35-3,2024,8,202417065,35,3,1,2024-04-16,SD,1,9,107,Tue
39-1,2024,8,202417064,39,1,1,2024-04-15,SD,0,NA,106,Mon
37-1,2024,8,202417038,37,1,1,2024-03-27,SD,0,NA,87,Wed
39-3,2024,8,202417030,39,3,1,2024-03-25,SD,1,9,85,Mon
38-1,2024,8,202417084,38,1,1,2024-04-23,SD,3,9,114,Tue
35-1,2024,8,NA,NA,NA,NA,NA,NA,NA,NA,NA,NA
37-3,2025,8,202517018,37,3,1,2025-03-14,SD,1,9,73,Fri
36-1,2025,8,202517012,36,1,1,2025-03-13,SD,1,9,72,Thu
38-3,2025,8,202517028,38,3,1,2025-03-25,SD,1,9,84,Tue
36-3,2025,8,202517036,36,3,1,2025-03-28,SD,0,NA,87,Fri
35-3,2025,8,202517056,35,3,1,2025-04-10,SD,0,NA,100,Thu
39-1,2025,8,202517033,39,1,1,2025-03-27,SD,0,NA,86,Thu
37-1,2025,8,202517029,37,1,1,2025-03-26,SD,2,9,85,Wed
39-3,2025,8,202517024,39,3,1,2025-03-20,SD,1,9,79,Thu
38-1,2025,8,202517032,38,1,1,2025-03-26,SD,0,NA,85,Wed
35-1,2025,8,NA,NA,NA,NA,NA,NA,NA,NA,NA,NA
37-3,2023,9,202317014,37,3,1,2023-03-03,SD,1,9,62,Fri
36-1,2023,9,202317006,36,1,1,2023-02-27,SD,4,9,58,Mon
38-3,2023,9,202317025,38,3,1,2023-03-09,SD,2,9,68,Thu
36-3,2023,9,202317015,36,3,1,2023-03-03,SD,4,9,62,Fri
35-3,2023,9,202317050,35,3,1,2023-03-21,SD,1,9,80,Tue
39-1,2023,9,202317074,39,1,1,2023-04-03,SD,0,NA,93,Mon
37-1,2023,9,202317033,37,1,1,2023-03-13,SD,0,NA,72,Mon
39-3,2023,9,202317017,39,3,1,2023-03-09,SD,1,9,68,Thu
38-1,2023,9,202317044,38,1,1,2023-03-20,SD,1,9,79,Mon
35-1,2023,9,NA,NA,NA,NA,NA,NA,NA,NA,NA,NA
37-3,2024,9,202417012,37,3,1,2024-03-08,SD,0,NA,68,Fri
36-1,2024,9,202417021,36,1,1,2024-03-18,SD,1,9,78,Mon
38-3,2024,9,202417024,38,3,1,2024-03-22,SD,0,NA,82,Fri
36-3,2024,9,202417027,36,3,1,2024-03-22,SD,0,NA,82,Fri
35-3,2024,9,202417065,35,3,1,2024-04-16,SD,1,9,107,Tue
39-1,2024,9,202417064,39,1,1,2024-04-15,SD,0,NA,106,Mon
37-1,2024,9,202417038,37,1,1,2024-03-27,SD,0,NA,87,Wed
39-3,2024,9,202417030,39,3,1,2024-03-25,SD,1,9,85,Mon
38-1,2024,9,202417084,38,1,1,2024-04-23,SD,2,9,114,Tue
35-1,2024,9,NA,NA,NA,NA,NA,NA,NA,NA,NA,NA
37-3,2025,9,202517018,37,3,1,2025-03-14,SD,1,9,73,Fri
36-1,2025,9,202517012,36,1,1,2025-03-13,SD,1,9,72,Thu
38-3,2025,9,202517028,38,3,1,2025-03-25,SD,1,9,84,Tue
36-3,2025,9,202517036,36,3,1,2025-03-28,SD,0,NA,87,Fri
35-3,2025,9,202517056,35,3,1,2025-04-10,SD,0,NA,100,Thu
39-1,2025,9,202517033,39,1,1,2025-03-27,SD,0,NA,86,Thu
37-1,2025,9,202517029,37,1,1,2025-03-26,SD,2,9,85,Wed
39-3,2025,9,202517024,39,3,1,2025-03-20,SD,1,9,79,Thu
38-1,2025,9,202517032,38,1,1,2025-03-26,SD,0,NA,85,Wed
35-1,2025,9,NA,NA,NA,NA,NA,NA,NA,NA,NA,NA
37-3,2023,10,202317027,37,3,1,2023-03-10,SD,1,9,69,Fri
36-1,2023,10,202317006,36,1,1,2023-02-27,SD,1,9,58,Mon
38-3,2023,10,202317025,38,3,1,2023-03-09,SD,5,9,68,Thu
36-3,2023,10,202317015,36,3,1,2023-03-03,SD,2,9,62,Fri
35-3,2023,10,202317083,35,3,1,2023-04-06,SD,1,9,96,Thu
39-1,2023,10,NA,NA,NA,NA,NA,NA,NA,NA,NA,NA
37-1,2023,10,202317035,37,1,1,2023-03-16,SD,1,9,75,Thu
39-3,2023,10,202317023,39,3,1,2023-03-09,SD,1,9,68,Thu
38-1,2023,10,202317057,38,1,1,2023-03-24,SD,0,NA,83,Fri
35-1,2023,10,NA,NA,NA,NA,NA,NA,NA,NA,NA,NA
37-3,2024,10,202417032,37,3,1,2024-03-25,SD,1,9,85,Mon
36-1,2024,10,202417023,36,1,1,2024-03-18,SD,0,NA,78,Mon
38-3,2024,10,202417031,38,3,1,2024-03-25,SD,0,NA,85,Mon
36-3,2024,10,202417035,36,3,1,2024-03-26,SD,2,9,86,Tue
35-3,2024,10,202417089,35,3,1,2024-04-25,SD,0,NA,116,Thu
39-1,2024,10,202417103,39,1,1,2024-04-30,SD,2,9,121,Tue
37-1,2024,10,202417043,37,1,1,2024-03-28,SD,0,NA,88,Thu
39-3,2024,10,202417041,39,3,1,2024-03-27,SD,0,NA,87,Wed
38-1,2024,10,202417084,38,1,1,2024-04-23,SD,3,9,114,Tue
35-1,2024,10,NA,NA,NA,NA,NA,NA,NA,NA,NA,NA
37-3,2025,10,202517030,37,3,1,2025-03-26,SD,0,NA,85,Wed
36-1,2025,10,202517016,36,1,1,2025-03-14,SD,0,NA,73,Fri
38-3,2025,10,202517028,38,3,1,2025-03-25,SD,1,9,84,Tue
36-3,2025,10,202517044,36,3,2,2025-04-04,SD,0,NA,94,Fri
35-3,2025,10,202517072,35,3,1,2025-04-18,SD,0,NA,108,Fri
39-1,2025,10,202517077,39,1,1,2025-04-22,SD,0,NA,112,Tue
37-1,2025,10,202517038,37,1,1,2025-03-31,SD,0,NA,90,Mon
39-3,2025,10,202517027,39,3,1,2025-03-25,SD,1,9,84,Tue
38-1,2025,10,202517035,38,1,1,2025-03-27,SD,0,NA,86,Thu
35-1,2025,10,NA,NA,NA,NA,NA,NA,NA,NA,NA,NA
37-3,2023,11,202317027,37,3,1,2023-03-10,SD,1,9,69,Fri
36-1,2023,11,202317006,36,1,1,2023-02-27,SD,2,9,58,Mon
38-3,2023,11,202317025,38,3,1,2023-03-09,SD,1,9,68,Thu
36-3,2023,11,202317015,36,3,1,2023-03-03,SD,4,9,62,Fri
35-3,2023,11,202317083,35,3,1,2023-04-06,SD,1,9,96,Thu
39-1,2023,11,NA,NA,NA,NA,NA,NA,NA,NA,NA,NA
37-1,2023,11,202317035,37,1,1,2023-03-16,SD,1,9,75,Thu
39-3,2023,11,202317023,39,3,1,2023-03-09,SD,1,9,68,Thu
38-1,2023,11,202317057,38,1,1,2023-03-24,SD,0,NA,83,Fri
35-1,2023,11,NA,NA,NA,NA,NA,NA,NA,NA,NA,NA
37-3,2024,11,202417032,37,3,1,2024-03-25,SD,2,9,85,Mon
36-1,2024,11,202417023,36,1,1,2024-03-18,SD,0,NA,78,Mon
38-3,2024,11,202417031,38,3,1,2024-03-25,SD,0,NA,85,Mon
36-3,2024,11,202417035,36,3,1,2024-03-26,SD,2,9,86,Tue
35-3,2024,11,202417089,35,3,1,2024-04-25,SD,0,NA,116,Thu
39-1,2024,11,202417103,39,1,1,2024-04-30,SD,3,9,121,Tue
37-1,2024,11,202417043,37,1,1,2024-03-28,SD,0,NA,88,Thu
39-3,2024,11,202417041,39,3,1,2024-03-27,SD,0,NA,87,Wed
38-1,2024,11,202417084,38,1,1,2024-04-23,SD,2,9,114,Tue
35-1,2024,11,NA,NA,NA,NA,NA,NA,NA,NA,NA,NA
37-3,2025,11,202517030,37,3,1,2025-03-26,SD,0,NA,85,Wed
36-1,2025,11,202517016,36,1,1,2025-03-14,SD,0,NA,73,Fri
38-3,2025,11,202517028,38,3,1,2025-03-25,SD,1,9,84,Tue
36-3,2025,11,202517044,36,3,2,2025-04-04,SD,0,NA,94,Fri
35-3,2025,11,202517072,35,3,1,2025-04-18,SD,0,NA,108,Fri
39-1,2025,11,202517077,39,1,1,2025-04-22,SD,0,NA,112,Tue
37-1,2025,11,202517038,37,1,1,2025-03-31,SD,0,NA,90,Mon
39-3,2025,11,202517027,39,3,1,2025-03-25,SD,1,9,84,Tue
38-1,2025,11,202517035,38,1,1,2025-03-27,SD,0,NA,86,Thu
35-1,2025,11,NA,NA,NA,NA,NA,NA,NA,NA,NA,NA
37-3,2023,12,202317027,37,3,1,2023-03-10,SD,1,9,69,Fri
36-1,2023,12,202317006,36,1,1,2023-02-27,SD,4,9,58,Mon
38-3,2023,12,202317025,38,3,1,2023-03-09,SD,2,9,68,Thu
36-3,2023,12,202317015,36,3,1,2023-03-03,SD,2,9,62,Fri
35-3,2023,12,202317083,35,3,1,2023-04-06,SD,1,9,96,Thu
39-1,2023,12,NA,NA,NA,NA,NA,NA,NA,NA,NA,NA
37-1,2023,12,202317035,37,1,1,2023-03-16,SD,1,9,75,Thu
39-3,2023,12,202317023,39,3,1,2023-03-09,SD,1,9,68,Thu
38-1,2023,12,202317057,38,1,1,2023-03-24,SD,0,NA,83,Fri
35-1,2023,12,NA,NA,NA,NA,NA,NA,NA,NA,NA,NA
37-3,2024,12,202417032,37,3,1,2024-03-25,SD,1,9,85,Mon
36-1,2024,12,202417023,36,1,1,2024-03-18,SD,0,NA,78,Mon
38-3,2024,12,202417031,38,3,1,2024-03-25,SD,0,NA,85,Mon
36-3,2024,12,202417035,36,3,1,2024-03-26,SD,2,9,86,Tue
35-3,2024,12,202417089,35,3,1,2024-04-25,SD,0,NA,116,Thu
39-1,2024,12,202417103,39,1,1,2024-04-30,SD,2,9,121,Tue
37-1,2024,12,202417043,37,1,1,2024-03-28,SD,0,NA,88,Thu
39-3,2024,12,202417041,39,3,1,2024-03-27,SD,0,NA,87,Wed
38-1,2024,12,202417084,38,1,1,2024-04-23,SD,3,9,114,Tue
35-1,2024,12,NA,NA,NA,NA,NA,NA,NA,NA,NA,NA
37-3,2025,12,202517030,37,3,1,2025-03-26,SD,0,NA,85,Wed
36-1,2025,12,202517016,36,1,1,2025-03-14,SD,0,NA,73,Fri
38-3,2025,12,202517028,38,3,1,2025-03-25,SD,1,9,84,Tue
36-3,2025,12,202517044,36,3,2,2025-04-04,SD,0,NA,94,Fri
35-3,2025,12,202517072,35,3,1,2025-04-18,SD,0,NA,108,Fri
39-1,2025,12,202517077,39,1,1,2025-04-22,SD,0,NA,112,Tue
37-1,2025,12,202517038,37,1,1,2025-03-31,SD,0,NA,90,Mon
39-3,2025,12,202517027,39,3,1,2025-03-25,SD,1,9,84,Tue
38-1,2025,12,202517035,38,1,1,2025-03-27,SD,0,NA,86,Thu
35-1,2025,12,NA,NA,NA,NA,NA,NA,NA,NA,NA,NA
37-3,2023,13,202317038,37,3,1,2023-03-17,SD,1,9,76,Fri
36-1,2023,13,202317007,36,1,1,2023-03-01,SD,2,9,60,Wed
38-3,2023,13,202317034,38,3,1,2023-03-16,SD,1,9,75,Thu
36-3,2023,13,202317051,36,3,1,2023-03-22,SD,1,9,81,Wed
35-3,2023,13,202317092,35,3,1,2023-04-11,SD,0,NA,101,Tue
39-1,2023,13,NA,NA,NA,NA,NA,NA,NA,NA,NA,NA
37-1,2023,13,202317035,37,1,1,2023-03-16,SD,1,9,75,Thu
39-3,2023,13,202317043,39,3,1,2023-03-20,SD,0,NA,79,Mon
38-1,2023,13,202317071,38,1,1,2023-03-31,SD,6,9,90,Fri
35-1,2023,13,NA,NA,NA,NA,NA,NA,NA,NA,NA,NA
37-3,2024,13,202417032,37,3,1,2024-03-25,SD,2,9,85,Mon
36-1,2024,13,202417054,36,1,1,2024-04-08,SD,0,NA,99,Mon
38-3,2024,13,202417037,38,3,1,2024-03-26,SD,0,NA,86,Tue
36-3,2024,13,202417035,36,3,1,2024-03-26,SD,2,9,86,Tue
35-3,2024,13,NA,NA,NA,NA,NA,NA,NA,NA,NA,NA
39-1,2024,13,202417103,39,1,1,2024-04-30,SD,3,9,121,Tue
37-1,2024,13,202417052,37,1,1,2024-04-08,SD,1,9,99,Mon
39-3,2024,13,202417042,39,3,1,2024-03-27,SD,0,NA,87,Wed
38-1,2024,13,202417086,38,1,1,2024-04-23,SD,1,9,114,Tue
35-1,2024,13,NA,NA,NA,NA,NA,NA,NA,NA,NA,NA
37-3,2025,13,202517059,37,3,1,2025-04-10,SD,0,NA,100,Thu
36-1,2025,13,202517021,36,1,1,2025-03-17,SD,0,NA,76,Mon
38-3,2025,13,202517031,38,3,1,2025-03-26,SD,1,9,85,Wed
36-3,2025,13,202517058,36,3,1,2025-04-10,SD,1,9,100,Thu
35-3,2025,13,202517088,35,3,1,2025-04-24,SD,1,9,114,Thu
39-1,2025,13,NA,NA,NA,NA,NA,NA,NA,NA,NA,NA
37-1,2025,13,202517039,37,1,1,2025-03-31,SD,0,NA,90,Mon
39-3,2025,13,202517049,39,3,1,2025-04-07,SD,1,9,97,Mon
38-1,2025,13,202517068,38,1,1,2025-04-17,SD,0,NA,107,Thu
35-1,2025,13,NA,NA,NA,NA,NA,NA,NA,NA,NA,NA
37-3,2023,14,202317038,37,3,1,2023-03-17,SD,1,9,76,Fri
36-1,2023,14,202317007,36,1,1,2023-03-01,SD,2,9,60,Wed
38-3,2023,14,202317034,38,3,1,2023-03-16,SD,1,9,75,Thu
36-3,2023,14,202317051,36,3,1,2023-03-22,SD,1,9,81,Wed
35-3,2023,14,202317092,35,3,1,2023-04-11,SD,0,NA,101,Tue
39-1,2023,14,NA,NA,NA,NA,NA,NA,NA,NA,NA,NA
37-1,2023,14,202317035,37,1,1,2023-03-16,SD,1,9,75,Thu
39-3,2023,14,202317043,39,3,1,2023-03-20,SD,0,NA,79,Mon
38-1,2023,14,202317071,38,1,1,2023-03-31,SD,2,9,90,Fri
35-1,2023,14,NA,NA,NA,NA,NA,NA,NA,NA,NA,NA
37-3,2024,14,202417032,37,3,1,2024-03-25,SD,1,9,85,Mon
36-1,2024,14,202417054,36,1,1,2024-04-08,SD,0,NA,99,Mon
38-3,2024,14,202417037,38,3,1,2024-03-26,SD,0,NA,86,Tue
36-3,2024,14,202417035,36,3,1,2024-03-26,SD,2,9,86,Tue
35-3,2024,14,NA,NA,NA,NA,NA,NA,NA,NA,NA,NA
39-1,2024,14,202417103,39,1,1,2024-04-30,SD,2,9,121,Tue
37-1,2024,14,202417052,37,1,1,2024-04-08,SD,1,9,99,Mon
39-3,2024,14,202417042,39,3,1,2024-03-27,SD,0,NA,87,Wed
38-1,2024,14,202417086,38,1,1,2024-04-23,SD,1,9,114,Tue
35-1,2024,14,NA,NA,NA,NA,NA,NA,NA,NA,NA,NA
37-3,2025,14,202517059,37,3,1,2025-04-10,SD,0,NA,100,Thu
36-1,2025,14,202517021,36,1,1,2025-03-17,SD,0,NA,76,Mon
38-3,2025,14,202517031,38,3,1,2025-03-26,SD,1,9,85,Wed
36-3,2025,14,202517058,36,3,1,2025-04-10,SD,1,9,100,Thu
35-3,2025,14,202517088,35,3,1,2025-04-24,SD,1,9,114,Thu
39-1,2025,14,NA,NA,NA,NA,NA,NA,NA,NA,NA,NA
37-1,2025,14,202517039,37,1,1,2025-03-31,SD,0,NA,90,Mon
39-3,2025,14,202517049,39,3,1,2025-04-07,SD,1,9,97,Mon
38-1,2025,14,202517068,38,1,1,2025-04-17,SD,0,NA,107,Thu
35-1,2025,14,NA,NA,NA,NA,NA,NA,NA,NA,NA,NA
37-3,2023,15,202317038,37,3,1,2023-03-17,SD,1,9,76,Fri
36-1,2023,15,202317007,36,1,1,2023-03-01,SD,2,9,60,Wed
38-3,2023,15,202317034,38,3,1,2023-03-16,SD,1,9,75,Thu
36-3,2023,15,202317051,36,3,1,2023-03-22,SD,1,9,81,Wed
35-3,2023,15,202317092,35,3,1,2023-04-11,SD,0,NA,101,Tue
39-1,2023,15,NA,NA,NA,NA,NA,NA,NA,NA,NA,NA
37-1,2023,15,202317035,37,1,1,2023-03-16,SD,1,9,75,Thu
39-3,2023,15,202317043,39,3,1,2023-03-20,SD,0,NA,79,Mon
38-1,2023,15,202317071,38,1,1,2023-03-31,SD,6,9,90,Fri
35-1,2023,15,NA,NA,NA,NA,NA,NA,NA,NA,NA,NA
37-3,2024,15,202417032,37,3,1,2024-03-25,SD,2,9,85,Mon
36-1,2024,15,202417054,36,1,1,2024-04-08,SD,0,NA,99,Mon
38-3,2024,15,202417037,38,3,1,2024-03-26,SD,0,NA,86,Tue
36-3,2024,15,202417035,36,3,1,2024-03-26,SD,2,9,86,Tue
35-3,2024,15,NA,NA,NA,NA,NA,NA,NA,NA,NA,NA
39-1,2024,15,202417103,39,1,1,2024-04-30,SD,3,9,121,Tue
37-1,2024,15,202417052,37,1,1,2024-04-08,SD,1,9,99,Mon
39-3,2024,15,202417042,39,3,1,2024-03-27,SD,0,NA,87,Wed
38-1,2024,15,202417086,38,1,1,2024-04-23,SD,1,9,114,Tue
35-1,2024,15,NA,NA,NA,NA,NA,NA,NA,NA,NA,NA
37-3,2025,15,202517059,37,3,1,2025-04-10,SD,0,NA,100,Thu
36-1,2025,15,202517021,36,1,1,2025-03-17,SD,0,NA,76,Mon
38-3,2025,15,202517031,38,3,1,2025-03-26,SD,1,9,85,Wed
36-3,2025,15,202517058,36,3,1,2025-04-10,SD,1,9,100,Thu
35-3,2025,15,202517088,35,3,1,2025-04-24,SD,1,9,114,Thu
39-1,2025,15,NA,NA,NA,NA,NA,NA,NA,NA,NA,NA
37-1,2025,15,202517039,37,1,1,2025-03-31,SD,0,NA,90,Mon
39-3,2025,15,202517049,39,3,1,2025-04-07,SD,1,9,97,Mon
38-1,2025,15,202517068,38,1,1,2025-04-17,SD,0,NA,107,Thu
35-1,2025,15,NA,NA,NA,NA,NA,NA,NA,NA,NA,NA
37-3,2023,16,202317046,37,3,1,2023-03-20,SD,3,9,79,Mon
36-1,2023,16,202317029,36,1,1,2023-03-10,SD,3,9,69,Fri
38-3,2023,16,202317045,38,3,1,2023-03-20,SD,1,9,79,Mon
36-3,2023,16,202317072,36,3,1,2023-03-31,SD,2,9,90,Fri
35-3,2023,16,202317101,35,3,1,2023-04-17,SD,0,NA,107,Mon
39-1,2023,16,NA,NA,NA,NA,NA,NA,NA,NA,NA,NA
37-1,2023,16,202317047,37,1,1,2023-03-21,SD,0,NA,80,Tue
39-3,2023,16,202317053,39,3,1,2023-03-23,SD,2,9,82,Thu
38-1,2023,16,202317071,38,1,1,2023-03-31,SD,2,9,90,Fri
35-1,2023,16,NA,NA,NA,NA,NA,NA,NA,NA,NA,NA
37-3,2024,16,202417040,37,3,1,2024-03-27,SD,1,9,87,Wed
36-1,2024,16,202417069,36,1,1,2024-04-17,SD,0,NA,108,Wed
38-3,2024,16,202417046,38,3,1,2024-03-28,SD,0,NA,88,Thu
36-3,2024,16,202417047,36,3,1,2024-04-01,SD,0,NA,92,Mon
35-3,2024,16,NA,NA,NA,NA,NA,NA,NA,NA,NA,NA
39-1,2024,16,NA,NA,NA,NA,NA,NA,NA,NA,NA,NA
37-1,2024,16,202417052,37,1,1,2024-04-08,SD,1,9,99,Mon
39-3,2024,16,202417063,39,3,1,2024-04-15,SD,1,9,106,Mon
38-1,2024,16,202417092,38,1,1,2024-04-26,SD,1,9,117,Fri
35-1,2024,16,NA,NA,NA,NA,NA,NA,NA,NA,NA,NA
37-3,2025,16,202517062,37,3,1,2025-04-14,SD,1,9,104,Mon
36-1,2025,16,202517070,36,1,1,2025-04-18,SD,0,NA,108,Fri
38-3,2025,16,202517048,38,3,1,2025-04-07,SD,1,9,97,Mon
36-3,2025,16,202517071,36,3,1,2025-04-18,SD,0,NA,108,Fri
35-3,2025,16,202517094,35,3,1,2025-04-28,SD,0,NA,118,Mon
39-1,2025,16,NA,NA,NA,NA,NA,NA,NA,NA,NA,NA
37-1,2025,16,202517041,37,1,1,2025-03-31,SD,1,9,90,Mon
39-3,2025,16,202517051,39,3,1,2025-04-07,SD,0,NA,97,Mon
38-1,2025,16,202517078,38,1,1,2025-04-22,SD,0,NA,112,Tue
35-1,2025,16,NA,NA,NA,NA,NA,NA,NA,NA,NA,NA
37-3,2023,17,202317046,37,3,1,2023-03-20,SD,3,9,79,Mon
36-1,2023,17,202317029,36,1,1,2023-03-10,SD,5,9,69,Fri
38-3,2023,17,202317045,38,3,1,2023-03-20,SD,1,9,79,Mon
36-3,2023,17,202317072,36,3,1,2023-03-31,SD,1,9,90,Fri
35-3,2023,17,202317101,35,3,1,2023-04-17,SD,0,NA,107,Mon
39-1,2023,17,NA,NA,NA,NA,NA,NA,NA,NA,NA,NA
37-1,2023,17,202317047,37,1,1,2023-03-21,SD,0,NA,80,Tue
39-3,2023,17,202317053,39,3,1,2023-03-23,SD,1,9,82,Thu
38-1,2023,17,202317071,38,1,1,2023-03-31,SD,6,9,90,Fri
35-1,2023,17,NA,NA,NA,NA,NA,NA,NA,NA,NA,NA
37-3,2024,17,202417040,37,3,1,2024-03-27,SD,1,9,87,Wed
36-1,2024,17,202417069,36,1,1,2024-04-17,SD,0,NA,108,Wed
38-3,2024,17,202417046,38,3,1,2024-03-28,SD,0,NA,88,Thu
36-3,2024,17,202417047,36,3,1,2024-04-01,SD,0,NA,92,Mon
35-3,2024,17,NA,NA,NA,NA,NA,NA,NA,NA,NA,NA
39-1,2024,17,NA,NA,NA,NA,NA,NA,NA,NA,NA,NA
37-1,2024,17,202417052,37,1,1,2024-04-08,SD,1,9,99,Mon
39-3,2024,17,202417063,39,3,1,2024-04-15,SD,1,9,106,Mon
38-1,2024,17,202417092,38,1,1,2024-04-26,SD,1,9,117,Fri
35-1,2024,17,NA,NA,NA,NA,NA,NA,NA,NA,NA,NA
37-3,2025,17,202517062,37,3,1,2025-04-14,SD,1,9,104,Mon
36-1,2025,17,202517070,36,1,1,2025-04-18,SD,0,NA,108,Fri
38-3,2025,17,202517048,38,3,1,2025-04-07,SD,1,9,97,Mon
36-3,2025,17,202517071,36,3,1,2025-04-18,SD,0,NA,108,Fri
35-3,2025,17,202517094,35,3,1,2025-04-28,SD,0,NA,118,Mon
39-1,2025,17,NA,NA,NA,NA,NA,NA,NA,NA,NA,NA
37-1,2025,17,202517041,37,1,1,2025-03-31,SD,1,9,90,Mon
39-3,2025,17,202517051,39,3,1,2025-04-07,SD,0,NA,97,Mon
38-1,2025,17,202517078,38,1,1,2025-04-22,SD,0,NA,112,Tue
35-1,2025,17,NA,NA,NA,NA,NA,NA,NA,NA,NA,NA
37-3,2023,18,202317046,37,3,1,2023-03-20,SD,3,9,79,Mon
36-1,2023,18,202317029,36,1,1,2023-03-10,SD,3,9,69,Fri
38-3,2023,18,202317045,38,3,1,2023-03-20,SD,1,9,79,Mon
36-3,2023,18,202317072,36,3,1,2023-03-31,SD,2,9,90,Fri
35-3,2023,18,202317101,35,3,1,2023-04-17,SD,0,NA,107,Mon
39-1,2023,18,NA,NA,NA,NA,NA,NA,NA,NA,NA,NA
37-1,2023,18,202317047,37,1,1,2023-03-21,SD,0,NA,80,Tue
39-3,2023,18,202317053,39,3,1,2023-03-23,SD,2,9,82,Thu
38-1,2023,18,202317071,38,1,1,2023-03-31,SD,2,9,90,Fri
35-1,2023,18,NA,NA,NA,NA,NA,NA,NA,NA,NA,NA
37-3,2024,18,202417040,37,3,1,2024-03-27,SD,1,9,87,Wed
36-1,2024,18,202417069,36,1,1,2024-04-17,SD,0,NA,108,Wed
38-3,2024,18,202417046,38,3,1,2024-03-28,SD,0,NA,88,Thu
36-3,2024,18,202417047,36,3,1,2024-04-01,SD,0,NA,92,Mon
35-3,2024,18,NA,NA,NA,NA,NA,NA,NA,NA,NA,NA
39-1,2024,18,NA,NA,NA,NA,NA,NA,NA,NA,NA,NA
37-1,2024,18,202417052,37,1,1,2024-04-08,SD,1,9,99,Mon
39-3,2024,18,202417063,39,3,1,2024-04-15,SD,1,9,106,Mon
38-1,2024,18,202417092,38,1,1,2024-04-26,SD,1,9,117,Fri
35-1,2024,18,NA,NA,NA,NA,NA,NA,NA,NA,NA,NA
37-3,2025,18,202517062,37,3,1,2025-04-14,SD,1,9,104,Mon
36-1,2025,18,202517070,36,1,1,2025-04-18,SD,0,NA,108,Fri
38-3,2025,18,202517048,38,3,1,2025-04-07,SD,1,9,97,Mon
36-3,2025,18,202517071,36,3,1,2025-04-18,SD,0,NA,108,Fri
35-3,2025,18,202517094,35,3,1,2025-04-28,SD,0,NA,118,Mon
39-1,2025,18,NA,NA,NA,NA,NA,NA,NA,NA,NA,NA
37-1,2025,18,202517041,37,1,1,2025-03-31,SD,1,9,90,Mon
39-3,2025,18,202517051,39,3,1,2025-04-07,SD,0,NA,97,Mon
38-1,2025,18,202517078,38,1,1,2025-04-22,SD,0,NA,112,Tue
35-1,2025,18,NA,NA,NA,NA,NA,NA,NA,NA,NA,NA
37-3,2023,19,202317065,37,3,1,2023-03-28,SD,0,NA,87,Tue
36-1,2023,19,202317029,36,1,1,2023-03-10,SD,3,9,69,Fri
38-3,2023,19,202317056,38,3,1,2023-03-24,SD,0,NA,83,Fri
36-3,2023,19,202317072,36,3,1,2023-03-31,SD,1,9,90,Fri
35-3,2023,19,NA,NA,NA,NA,NA,NA,NA,NA,NA,NA
39-1,2023,19,NA,NA,NA,NA,NA,NA,NA,NA,NA,NA
37-1,2023,19,202317060,37,1,1,2023-03-27,SD,0,NA,86,Mon
39-3,2023,19,202317053,39,3,1,2023-03-23,SD,2,9,82,Thu
38-1,2023,19,202317081,38,1,1,2023-04-05,SD,1,9,95,Wed
35-1,2023,19,NA,NA,NA,NA,NA,NA,NA,NA,NA,NA
37-3,2024,19,202417040,37,3,1,2024-03-27,SD,1,9,87,Wed
36-1,2024,19,202417080,36,1,1,2024-04-22,SD,1,9,113,Mon
38-3,2024,19,202417059,38,3,1,2024-04-11,SD,1,9,102,Thu
36-3,2024,19,202417053,36,3,1,2024-04-08,SD,1,9,99,Mon
35-3,2024,19,NA,NA,NA,NA,NA,NA,NA,NA,NA,NA
39-1,2024,19,NA,NA,NA,NA,NA,NA,NA,NA,NA,NA
37-1,2024,19,202417052,37,1,1,2024-04-08,SD,1,9,99,Mon
39-3,2024,19,202417093,39,3,1,2024-04-26,SD,1,9,117,Fri
38-1,2024,19,202417108,38,1,1,2024-05-07,SD,1,9,128,Tue
35-1,2024,19,NA,NA,NA,NA,NA,NA,NA,NA,NA,NA
37-3,2025,19,202517063,37,3,1,2025-04-14,SD,0,NA,104,Mon
36-1,2025,19,202517079,36,1,1,2025-04-22,SD,0,NA,112,Tue
38-3,2025,19,202517052,38,3,1,2025-04-09,SD,0,NA,99,Wed
36-3,2025,19,202517097,36,3,1,2025-04-29,SD,0,NA,119,Tue
35-3,2025,19,NA,NA,NA,NA,NA,NA,NA,NA,NA,NA
39-1,2025,19,NA,NA,NA,NA,NA,NA,NA,NA,NA,NA
37-1,2025,19,202517054,37,1,1,2025-04-09,SD,0,NA,99,Wed
39-3,2025,19,202517061,39,3,1,2025-04-14,SD,1,9,104,Mon
38-1,2025,19,202517090,38,1,1,2025-04-25,SD,0,NA,115,Fri
35-1,2025,19,NA,NA,NA,NA,NA,NA,NA,NA,NA,NA
37-3,2023,20,202317065,37,3,1,2023-03-28,SD,0,NA,87,Tue
36-1,2023,20,202317029,36,1,1,2023-03-10,SD,5,9,69,Fri
38-3,2023,20,202317056,38,3,1,2023-03-24,SD,0,NA,83,Fri
36-3,2023,20,202317072,36,3,1,2023-03-31,SD,2,9,90,Fri
35-3,2023,20,NA,NA,NA,NA,NA,NA,NA,NA,NA,NA
39-1,2023,20,NA,NA,NA,NA,NA,NA,NA,NA,NA,NA
37-1,2023,20,202317060,37,1,1,2023-03-27,SD,0,NA,86,Mon
39-3,2023,20,202317053,39,3,1,2023-03-23,SD,1,9,82,Thu
38-1,2023,20,202317081,38,1,1,2023-04-05,SD,2,9,95,Wed
35-1,2023,20,NA,NA,NA,NA,NA,NA,NA,NA,NA,NA
37-3,2024,20,202417040,37,3,1,2024-03-27,SD,1,9,87,Wed
36-1,2024,20,202417080,36,1,1,2024-04-22,SD,2,9,113,Mon
38-3,2024,20,202417059,38,3,1,2024-04-11,SD,1,9,102,Thu
36-3,2024,20,202417053,36,3,1,2024-04-08,SD,1,9,99,Mon
35-3,2024,20,NA,NA,NA,NA,NA,NA,NA,NA,NA,NA
39-1,2024,20,NA,NA,NA,NA,NA,NA,NA,NA,NA,NA
37-1,2024,20,202417052,37,1,1,2024-04-08,SD,1,9,99,Mon
39-3,2024,20,202417093,39,3,1,2024-04-26,SD,1,9,117,Fri
38-1,2024,20,202417108,38,1,1,2024-05-07,SD,1,9,128,Tue
35-1,2024,20,NA,NA,NA,NA,NA,NA,NA,NA,NA,NA
37-3,2025,20,202517063,37,3,1,2025-04-14,SD,0,NA,104,Mon
36-1,2025,20,202517079,36,1,1,2025-04-22,SD,0,NA,112,Tue
38-3,2025,20,202517052,38,3,1,2025-04-09,SD,0,NA,99,Wed
36-3,2025,20,202517097,36,3,1,2025-04-29,SD,0,NA,119,Tue
35-3,2025,20,NA,NA,NA,NA,NA,NA,NA,NA,NA,NA
39-1,2025,20,NA,NA,NA,NA,NA,NA,NA,NA,NA,NA
37-1,2025,20,202517054,37,1,1,2025-04-09,SD,0,NA,99,Wed
39-3,2025,20,202517061,39,3,1,2025-04-14,SD,2,9,104,Mon
38-1,2025,20,202517090,38,1,1,2025-04-25,SD,0,NA,115,Fri
35-1,2025,20,NA,NA,NA,NA,NA,NA,NA,NA,NA,NA
37-3,2023,21,202317065,37,3,1,2023-03-28,SD,0,NA,87,Tue
36-1,2023,21,202317029,36,1,1,2023-03-10,SD,3,9,69,Fri
38-3,2023,21,202317056,38,3,1,2023-03-24,SD,0,NA,83,Fri
36-3,2023,21,202317072,36,3,1,2023-03-31,SD,1,9,90,Fri
35-3,2023,21,NA,NA,NA,NA,NA,NA,NA,NA,NA,NA
39-1,2023,21,NA,NA,NA,NA,NA,NA,NA,NA,NA,NA
37-1,2023,21,202317060,37,1,1,2023-03-27,SD,0,NA,86,Mon
39-3,2023,21,202317053,39,3,1,2023-03-23,SD,2,9,82,Thu
38-1,2023,21,202317081,38,1,1,2023-04-05,SD,1,9,95,Wed
35-1,2023,21,NA,NA,NA,NA,NA,NA,NA,NA,NA,NA
37-3,2024,21,202417040,37,3,1,2024-03-27,SD,1,9,87,Wed
36-1,2024,21,202417080,36,1,1,2024-04-22,SD,1,9,113,Mon
38-3,2024,21,202417059,38,3,1,2024-04-11,SD,1,9,102,Thu
36-3,2024,21,202417053,36,3,1,2024-04-08,SD,1,9,99,Mon
35-3,2024,21,NA,NA,NA,NA,NA,NA,NA,NA,NA,NA
39-1,2024,21,NA,NA,NA,NA,NA,NA,NA,NA,NA,NA
37-1,2024,21,202417052,37,1,1,2024-04-08,SD,1,9,99,Mon
39-3,2024,21,202417093,39,3,1,2024-04-26,SD,1,9,117,Fri
38-1,2024,21,202417108,38,1,1,2024-05-07,SD,1,9,128,Tue
35-1,2024,21,NA,NA,NA,NA,NA,NA,NA,NA,NA,NA
37-3,2025,21,202517063,37,3,1,2025-04-14,SD,0,NA,104,Mon
36-1,2025,21,202517079,36,1,1,2025-04-22,SD,0,NA,112,Tue
38-3,2025,21,202517052,38,3,1,2025-04-09,SD,0,NA,99,Wed
36-3,2025,21,202517097,36,3,1,2025-04-29,SD,0,NA,119,Tue
35-3,2025,21,NA,NA,NA,NA,NA,NA,NA,NA,NA,NA
39-1,2025,21,NA,NA,NA,NA,NA,NA,NA,NA,NA,NA
37-1,2025,21,202517054,37,1,1,2025-04-09,SD,0,NA,99,Wed
39-3,2025,21,202517061,39,3,1,2025-04-14,SD,1,9,104,Mon
38-1,2025,21,202517090,38,1,1,2025-04-25,SD,0,NA,115,Fri
35-1,2025,21,NA,NA,NA,NA,NA,NA,NA,NA,NA,NA
37-3,2023,22,202317070,37,3,1,2023-03-31,SD,4,9,90,Fri
36-1,2023,22,202317029,36,1,1,2023-03-10,SD,3,9,69,Fri
38-3,2023,22,202317073,38,3,1,2023-04-03,SD,2,9,93,Mon
36-3,2023,22,202317078,36,3,1,2023-04-04,SD,1,9,94,Tue
35-3,2023,22,NA,NA,NA,NA,NA,NA,NA,NA,NA,NA
39-1,2023,22,NA,NA,NA,NA,NA,NA,NA,NA,NA,NA
37-1,2023,22,202317066,37,1,1,2023-03-28,SD,1,9,87,Tue
39-3,2023,22,202317053,39,3,1,2023-03-23,SD,2,9,82,Thu
38-1,2023,22,202317081,38,1,1,2023-04-05,SD,2,9,95,Wed
35-1,2023,22,NA,NA,NA,NA,NA,NA,NA,NA,NA,NA
37-3,2024,22,202417040,37,3,1,2024-03-27,SD,1,9,87,Wed
36-1,2024,22,202417080,36,1,1,2024-04-22,SD,2,9,113,Mon
38-3,2024,22,202417059,38,3,1,2024-04-11,SD,1,9,102,Thu
36-3,2024,22,202417056,36,3,1,2024-04-10,SD,0,NA,101,Wed
35-3,2024,22,NA,NA,NA,NA,NA,NA,NA,NA,NA,NA
39-1,2024,22,NA,NA,NA,NA,NA,NA,NA,NA,NA,NA
37-1,2024,22,202417057,37,1,1,2024-04-11,SD,1,9,102,Thu
39-3,2024,22,202417093,39,3,1,2024-04-26,SD,1,9,117,Fri
38-1,2024,22,202417108,38,1,1,2024-05-07,SD,1,9,128,Tue
35-1,2024,22,NA,NA,NA,NA,NA,NA,NA,NA,NA,NA
37-3,2025,22,202517069,37,3,1,2025-04-18,SD,0,NA,108,Fri
36-1,2025,22,202517083,36,1,1,2025-04-23,SD,0,NA,113,Wed
38-3,2025,22,202517060,38,3,1,2025-04-14,SD,1,9,104,Mon
36-3,2025,22,202517099,36,3,1,2025-04-29,SD,0,NA,119,Tue
35-3,2025,22,NA,NA,NA,NA,NA,NA,NA,NA,NA,NA
39-1,2025,22,NA,NA,NA,NA,NA,NA,NA,NA,NA,NA
37-1,2025,22,202517064,37,1,1,2025-04-16,SD,1,9,106,Wed
39-3,2025,22,202517061,39,3,1,2025-04-14,SD,2,9,104,Mon
38-1,2025,22,NA,NA,NA,NA,NA,NA,NA,NA,NA,NA
35-1,2025,22,NA,NA,NA,NA,NA,NA,NA,NA,NA,NA
37-3,2023,23,202317070,37,3,1,2023-03-31,SD,1,9,90,Fri
36-1,2023,23,202317029,36,1,1,2023-03-10,SD,5,9,69,Fri
38-3,2023,23,202317073,38,3,1,2023-04-03,SD,2,9,93,Mon
36-3,2023,23,202317078,36,3,1,2023-04-04,SD,1,9,94,Tue
35-3,2023,23,NA,NA,NA,NA,NA,NA,NA,NA,NA,NA
39-1,2023,23,NA,NA,NA,NA,NA,NA,NA,NA,NA,NA
37-1,2023,23,202317066,37,1,1,2023-03-28,SD,2,9,87,Tue
39-3,2023,23,202317053,39,3,1,2023-03-23,SD,1,9,82,Thu
38-1,2023,23,202317081,38,1,1,2023-04-05,SD,1,9,95,Wed
35-1,2023,23,NA,NA,NA,NA,NA,NA,NA,NA,NA,NA
37-3,2024,23,202417040,37,3,1,2024-03-27,SD,1,9,87,Wed
36-1,2024,23,202417080,36,1,1,2024-04-22,SD,1,9,113,Mon
38-3,2024,23,202417059,38,3,1,2024-04-11,SD,1,9,102,Thu
36-3,2024,23,202417056,36,3,1,2024-04-10,SD,0,NA,101,Wed
35-3,2024,23,NA,NA,NA,NA,NA,NA,NA,NA,NA,NA
39-1,2024,23,NA,NA,NA,NA,NA,NA,NA,NA,NA,NA
37-1,2024,23,202417057,37,1,1,2024-04-11,SD,1,9,102,Thu
39-3,2024,23,202417093,39,3,1,2024-04-26,SD,1,9,117,Fri
38-1,2024,23,202417108,38,1,1,2024-05-07,SD,1,9,128,Tue
35-1,2024,23,NA,NA,NA,NA,NA,NA,NA,NA,NA,NA
37-3,2025,23,202517069,37,3,1,2025-04-18,SD,0,NA,108,Fri
36-1,2025,23,202517083,36,1,1,2025-04-23,SD,0,NA,113,Wed
38-3,2025,23,202517060,38,3,1,2025-04-14,SD,1,9,104,Mon
36-3,2025,23,202517099,36,3,1,2025-04-29,SD,0,NA,119,Tue
35-3,2025,23,NA,NA,NA,NA,NA,NA,NA,NA,NA,NA
39-1,2025,23,NA,NA,NA,NA,NA,NA,NA,NA,NA,NA
37-1,2025,23,202517064,37,1,1,2025-04-16,SD,1,9,106,Wed
39-3,2025,23,202517061,39,3,1,2025-04-14,SD,1,9,104,Mon
38-1,2025,23,NA,NA,NA,NA,NA,NA,NA,NA,NA,NA
35-1,2025,23,NA,NA,NA,NA,NA,NA,NA,NA,NA,NA
37-3,2023,24,202317070,37,3,1,2023-03-31,SD,1,9,90,Fri
36-1,2023,24,202317029,36,1,1,2023-03-10,SD,3,9,69,Fri
38-3,2023,24,202317073,38,3,1,2023-04-03,SD,2,9,93,Mon
36-3,2023,24,202317078,36,3,1,2023-04-04,SD,1,9,94,Tue
35-3,2023,24,NA,NA,NA,NA,NA,NA,NA,NA,NA,NA
39-1,2023,24,NA,NA,NA,NA,NA,NA,NA,NA,NA,NA
37-1,2023,24,202317066,37,1,1,2023-03-28,SD,2,9,87,Tue
39-3,2023,24,202317053,39,3,1,2023-03-23,SD,2,9,82,Thu
38-1,2023,24,202317081,38,1,1,2023-04-05,SD,2,9,95,Wed
35-1,2023,24,NA,NA,NA,NA,NA,NA,NA,NA,NA,NA
37-3,2024,24,202417040,37,3,1,2024-03-27,SD,1,9,87,Wed
36-1,2024,24,202417080,36,1,1,2024-04-22,SD,2,9,113,Mon
38-3,2024,24,202417059,38,3,1,2024-04-11,SD,1,9,102,Thu
36-3,2024,24,202417056,36,3,1,2024-04-10,SD,0,NA,101,Wed
35-3,2024,24,NA,NA,NA,NA,NA,NA,NA,NA,NA,NA
39-1,2024,24,NA,NA,NA,NA,NA,NA,NA,NA,NA,NA
37-1,2024,24,202417057,37,1,1,2024-04-11,SD,1,9,102,Thu
39-3,2024,24,202417093,39,3,1,2024-04-26,SD,1,9,117,Fri
38-1,2024,24,202417108,38,1,1,2024-05-07,SD,1,9,128,Tue
35-1,2024,24,NA,NA,NA,NA,NA,NA,NA,NA,NA,NA
37-3,2025,24,202517069,37,3,1,2025-04-18,SD,0,NA,108,Fri
36-1,2025,24,202517083,36,1,1,2025-04-23,SD,0,NA,113,Wed
38-3,2025,24,202517060,38,3,1,2025-04-14,SD,1,9,104,Mon
36-3,2025,24,202517099,36,3,1,2025-04-29,SD,0,NA,119,Tue
35-3,2025,24,NA,NA,NA,NA,NA,NA,NA,NA,NA,NA
39-1,2025,24,NA,NA,NA,NA,NA,NA,NA,NA,NA,NA
37-1,2025,24,202517064,37,1,1,2025-04-16,SD,1,9,106,Wed
39-3,2025,24,202517061,39,3,1,2025-04-14,SD,2,9,104,Mon
38-1,2025,24,NA,NA,NA,NA,NA,NA,NA,NA,NA,NA
35-1,2025,24,NA,NA,NA,NA,NA,NA,NA,NA,NA,NA
37-3,2023,25,202317070,37,3,1,2023-03-31,SD,4,9,90,Fri
36-1,2023,25,202317039,36,1,1,2023-03-17,SD,1,9,76,Fri
38-3,2023,25,202317079,38,3,1,2023-04-04,SD,1,9,94,Tue
36-3,2023,25,202317088,36,3,1,2023-04-10,SD,1,9,100,Mon
35-3,2023,25,NA,NA,NA,NA,NA,NA,NA,NA,NA,NA
39-1,2023,25,NA,NA,NA,NA,NA,NA,NA,NA,NA,NA
37-1,2023,25,202317066,37,1,1,2023-03-28,SD,1,9,87,Tue
39-3,2023,25,202317054,39,3,1,2023-03-23,SD,0,NA,82,Thu
38-1,2023,25,202317095,38,1,1,2023-04-13,SD,1,9,103,Thu
35-1,2023,25,NA,NA,NA,NA,NA,NA,NA,NA,NA,NA
37-3,2024,25,202417045,37,3,1,2024-03-28,SD,0,NA,88,Thu
36-1,2024,25,202417088,36,1,1,2024-04-25,SD,1,9,116,Thu
38-3,2024,25,202417061,38,3,3,2024-04-15,SD,0,NA,106,Mon
36-3,2024,25,202417077,36,3,1,2024-04-19,SD,0,NA,110,Fri
35-3,2024,25,NA,NA,NA,NA,NA,NA,NA,NA,NA,NA
39-1,2024,25,NA,NA,NA,NA,NA,NA,NA,NA,NA,NA
37-1,2024,25,202417075,37,1,1,2024-04-18,SD,1,9,109,Thu
39-3,2024,25,202417102,39,3,1,2024-04-30,SD,1,9,121,Tue
38-1,2024,25,NA,NA,NA,NA,NA,NA,NA,NA,NA,NA
35-1,2024,25,NA,NA,NA,NA,NA,NA,NA,NA,NA,NA
37-3,2025,25,202517074,37,3,1,2025-04-21,SD,0,NA,111,Mon
36-1,2025,25,202517108,36,1,1,2025-05-05,SD,0,NA,125,Mon
38-3,2025,25,202517060,38,3,1,2025-04-14,SD,1,9,104,Mon
36-3,2025,25,202517100,36,3,1,2025-04-29,SD,0,NA,119,Tue
35-3,2025,25,NA,NA,NA,NA,NA,NA,NA,NA,NA,NA
39-1,2025,25,NA,NA,NA,NA,NA,NA,NA,NA,NA,NA
37-1,2025,25,202517092,37,1,1,2025-04-25,SD,0,NA,115,Fri
39-3,2025,25,202517066,39,3,1,2025-04-17,SD,2,9,107,Thu
38-1,2025,25,NA,NA,NA,NA,NA,NA,NA,NA,NA,NA
35-1,2025,25,NA,NA,NA,NA,NA,NA,NA,NA,NA,NA
37-3,2023,26,202317070,37,3,1,2023-03-31,SD,1,9,90,Fri
36-1,2023,26,202317039,36,1,1,2023-03-17,SD,1,9,76,Fri
38-3,2023,26,202317079,38,3,1,2023-04-04,SD,2,9,94,Tue
36-3,2023,26,202317088,36,3,1,2023-04-10,SD,1,9,100,Mon
35-3,2023,26,NA,NA,NA,NA,NA,NA,NA,NA,NA,NA
39-1,2023,26,NA,NA,NA,NA,NA,NA,NA,NA,NA,NA
37-1,2023,26,202317066,37,1,1,2023-03-28,SD,2,9,87,Tue
39-3,2023,26,202317054,39,3,1,2023-03-23,SD,0,NA,82,Thu
38-1,2023,26,202317095,38,1,1,2023-04-13,SD,1,9,103,Thu
35-1,2023,26,NA,NA,NA,NA,NA,NA,NA,NA,NA,NA
37-3,2024,26,202417045,37,3,1,2024-03-28,SD,0,NA,88,Thu
36-1,2024,26,202417088,36,1,1,2024-04-25,SD,1,9,116,Thu
38-3,2024,26,202417061,38,3,3,2024-04-15,SD,0,NA,106,Mon
36-3,2024,26,202417077,36,3,1,2024-04-19,SD,0,NA,110,Fri
35-3,2024,26,NA,NA,NA,NA,NA,NA,NA,NA,NA,NA
39-1,2024,26,NA,NA,NA,NA,NA,NA,NA,NA,NA,NA
37-1,2024,26,202417075,37,1,1,2024-04-18,SD,1,9,109,Thu
39-3,2024,26,202417102,39,3,1,2024-04-30,SD,3,9,121,Tue
38-1,2024,26,NA,NA,NA,NA,NA,NA,NA,NA,NA,NA
35-1,2024,26,NA,NA,NA,NA,NA,NA,NA,NA,NA,NA
37-3,2025,26,202517074,37,3,1,2025-04-21,SD,0,NA,111,Mon
36-1,2025,26,202517108,36,1,1,2025-05-05,SD,0,NA,125,Mon
38-3,2025,26,202517060,38,3,1,2025-04-14,SD,1,9,104,Mon
36-3,2025,26,202517100,36,3,1,2025-04-29,SD,0,NA,119,Tue
35-3,2025,26,NA,NA,NA,NA,NA,NA,NA,NA,NA,NA
39-1,2025,26,NA,NA,NA,NA,NA,NA,NA,NA,NA,NA
37-1,2025,26,202517092,37,1,1,2025-04-25,SD,0,NA,115,Fri
39-3,2025,26,202517066,39,3,1,2025-04-17,SD,2,9,107,Thu
38-1,2025,26,NA,NA,NA,NA,NA,NA,NA,NA,NA,NA
35-1,2025,26,NA,NA,NA,NA,NA,NA,NA,NA,NA,NA
37-3,2023,27,202317070,37,3,1,2023-03-31,SD,1,9,90,Fri
36-1,2023,27,202317039,36,1,1,2023-03-17,SD,1,9,76,Fri
38-3,2023,27,202317079,38,3,1,2023-04-04,SD,1,9,94,Tue
36-3,2023,27,202317088,36,3,1,2023-04-10,SD,1,9,100,Mon
35-3,2023,27,NA,NA,NA,NA,NA,NA,NA,NA,NA,NA
39-1,2023,27,NA,NA,NA,NA,NA,NA,NA,NA,NA,NA
37-1,2023,27,202317066,37,1,1,2023-03-28,SD,2,9,87,Tue
39-3,2023,27,202317054,39,3,1,2023-03-23,SD,0,NA,82,Thu
38-1,2023,27,202317095,38,1,1,2023-04-13,SD,1,9,103,Thu
35-1,2023,27,NA,NA,NA,NA,NA,NA,NA,NA,NA,NA
37-3,2024,27,202417045,37,3,1,2024-03-28,SD,0,NA,88,Thu
36-1,2024,27,202417088,36,1,1,2024-04-25,SD,1,9,116,Thu
38-3,2024,27,202417061,38,3,3,2024-04-15,SD,0,NA,106,Mon
36-3,2024,27,202417077,36,3,1,2024-04-19,SD,0,NA,110,Fri
35-3,2024,27,NA,NA,NA,NA,NA,NA,NA,NA,NA,NA
39-1,2024,27,NA,NA,NA,NA,NA,NA,NA,NA,NA,NA
37-1,2024,27,202417075,37,1,1,2024-04-18,SD,1,9,109,Thu
39-3,2024,27,202417102,39,3,1,2024-04-30,SD,2,9,121,Tue
38-1,2024,27,NA,NA,NA,NA,NA,NA,NA,NA,NA,NA
35-1,2024,27,NA,NA,NA,NA,NA,NA,NA,NA,NA,NA
37-3,2025,27,202517074,37,3,1,2025-04-21,SD,0,NA,111,Mon
36-1,2025,27,202517108,36,1,1,2025-05-05,SD,0,NA,125,Mon
38-3,2025,27,202517060,38,3,1,2025-04-14,SD,1,9,104,Mon
36-3,2025,27,202517100,36,3,1,2025-04-29,SD,0,NA,119,Tue
35-3,2025,27,NA,NA,NA,NA,NA,NA,NA,NA,NA,NA
39-1,2025,27,NA,NA,NA,NA,NA,NA,NA,NA,NA,NA
37-1,2025,27,202517092,37,1,1,2025-04-25,SD,0,NA,115,Fri
39-3,2025,27,202517066,39,3,1,2025-04-17,SD,2,9,107,Thu
38-1,2025,27,NA,NA,NA,NA,NA,NA,NA,NA,NA,NA
35-1,2025,27,NA,NA,NA,NA,NA,NA,NA,NA,NA,NA
37-3,2023,28,202317070,37,3,1,2023-03-31,SD,4,9,90,Fri
36-1,2023,28,202317040,36,1,1,2023-03-17,SD,0,NA,76,Fri
38-3,2023,28,202317079,38,3,1,2023-04-04,SD,2,9,94,Tue
36-3,2023,28,202317100,36,3,1,2023-04-17,SD,1,9,107,Mon
35-3,2023,28,NA,NA,NA,NA,NA,NA,NA,NA,NA,NA
39-1,2023,28,NA,NA,NA,NA,NA,NA,NA,NA,NA,NA
37-1,2023,28,202317066,37,1,1,2023-03-28,SD,1,9,87,Tue
39-3,2023,28,202317062,39,3,1,2023-03-27,SD,0,NA,86,Mon
38-1,2023,28,202317103,38,1,1,2023-04-20,SD,0,NA,110,Thu
35-1,2023,28,NA,NA,NA,NA,NA,NA,NA,NA,NA,NA
37-3,2024,28,202417051,37,3,1,2024-04-08,SD,1,9,99,Mon
36-1,2024,28,202417088,36,1,1,2024-04-25,SD,1,9,116,Thu
38-3,2024,28,202417085,38,3,1,2024-04-23,SD,1,9,114,Tue
36-3,2024,28,202417081,36,3,1,2024-04-22,SD,0,NA,113,Mon
35-3,2024,28,NA,NA,NA,NA,NA,NA,NA,NA,NA,NA
39-1,2024,28,NA,NA,NA,NA,NA,NA,NA,NA,NA,NA
37-1,2024,28,202417083,37,1,1,2024-04-22,SD,2,9,113,Mon
39-3,2024,28,202417102,39,3,1,2024-04-30,SD,1,9,121,Tue
38-1,2024,28,NA,NA,NA,NA,NA,NA,NA,NA,NA,NA
35-1,2024,28,NA,NA,NA,NA,NA,NA,NA,NA,NA,NA
37-3,2025,28,202517081,37,3,1,2025-04-23,SD,0,NA,113,Wed
36-1,2025,28,NA,NA,NA,NA,NA,NA,NA,NA,NA,NA
38-3,2025,28,202517067,38,3,1,2025-04-17,SD,1,9,107,Thu
36-3,2025,28,202517101,36,3,1,2025-04-30,SD,0,NA,120,Wed
35-3,2025,28,NA,NA,NA,NA,NA,NA,NA,NA,NA,NA
39-1,2025,28,NA,NA,NA,NA,NA,NA,NA,NA,NA,NA
37-1,2025,28,202517107,37,1,1,2025-05-05,SD,0,NA,125,Mon
39-3,2025,28,202517073,39,3,1,2025-04-21,SD,0,NA,111,Mon
38-1,2025,28,NA,NA,NA,NA,NA,NA,NA,NA,NA,NA
35-1,2025,28,NA,NA,NA,NA,NA,NA,NA,NA,NA,NA
37-3,2023,29,202317070,37,3,1,2023-03-31,SD,1,9,90,Fri
36-1,2023,29,202317040,36,1,1,2023-03-17,SD,0,NA,76,Fri
38-3,2023,29,202317079,38,3,1,2023-04-04,SD,1,9,94,Tue
36-3,2023,29,202317100,36,3,1,2023-04-17,SD,1,9,107,Mon
35-3,2023,29,NA,NA,NA,NA,NA,NA,NA,NA,NA,NA
39-1,2023,29,NA,NA,NA,NA,NA,NA,NA,NA,NA,NA
37-1,2023,29,202317066,37,1,1,2023-03-28,SD,2,9,87,Tue
39-3,2023,29,202317062,39,3,1,2023-03-27,SD,0,NA,86,Mon
38-1,2023,29,202317103,38,1,1,2023-04-20,SD,0,NA,110,Thu
35-1,2023,29,NA,NA,NA,NA,NA,NA,NA,NA,NA,NA
37-3,2024,29,202417051,37,3,1,2024-04-08,SD,1,9,99,Mon
36-1,2024,29,202417088,36,1,1,2024-04-25,SD,1,9,116,Thu
38-3,2024,29,202417085,38,3,1,2024-04-23,SD,1,9,114,Tue
36-3,2024,29,202417081,36,3,1,2024-04-22,SD,0,NA,113,Mon
35-3,2024,29,NA,NA,NA,NA,NA,NA,NA,NA,NA,NA
39-1,2024,29,NA,NA,NA,NA,NA,NA,NA,NA,NA,NA
37-1,2024,29,202417083,37,1,1,2024-04-22,SD,2,9,113,Mon
39-3,2024,29,202417102,39,3,1,2024-04-30,SD,3,9,121,Tue
38-1,2024,29,NA,NA,NA,NA,NA,NA,NA,NA,NA,NA
35-1,2024,29,NA,NA,NA,NA,NA,NA,NA,NA,NA,NA
37-3,2025,29,202517081,37,3,1,2025-04-23,SD,0,NA,113,Wed
36-1,2025,29,NA,NA,NA,NA,NA,NA,NA,NA,NA,NA
38-3,2025,29,202517067,38,3,1,2025-04-17,SD,2,9,107,Thu
36-3,2025,29,202517101,36,3,1,2025-04-30,SD,0,NA,120,Wed
35-3,2025,29,NA,NA,NA,NA,NA,NA,NA,NA,NA,NA
39-1,2025,29,NA,NA,NA,NA,NA,NA,NA,NA,NA,NA
37-1,2025,29,202517107,37,1,1,2025-05-05,SD,0,NA,125,Mon
39-3,2025,29,202517073,39,3,1,2025-04-21,SD,0,NA,111,Mon
38-1,2025,29,NA,NA,NA,NA,NA,NA,NA,NA,NA,NA
35-1,2025,29,NA,NA,NA,NA,NA,NA,NA,NA,NA,NA
37-3,2023,30,202317070,37,3,1,2023-03-31,SD,1,9,90,Fri
36-1,2023,30,202317040,36,1,1,2023-03-17,SD,0,NA,76,Fri
38-3,2023,30,202317079,38,3,1,2023-04-04,SD,2,9,94,Tue
36-3,2023,30,202317100,36,3,1,2023-04-17,SD,1,9,107,Mon
35-3,2023,30,NA,NA,NA,NA,NA,NA,NA,NA,NA,NA
39-1,2023,30,NA,NA,NA,NA,NA,NA,NA,NA,NA,NA
37-1,2023,30,202317066,37,1,1,2023-03-28,SD,2,9,87,Tue
39-3,2023,30,202317062,39,3,1,2023-03-27,SD,0,NA,86,Mon
38-1,2023,30,202317103,38,1,1,2023-04-20,SD,0,NA,110,Thu
35-1,2023,30,NA,NA,NA,NA,NA,NA,NA,NA,NA,NA
37-3,2024,30,202417051,37,3,1,2024-04-08,SD,1,9,99,Mon
36-1,2024,30,202417088,36,1,1,2024-04-25,SD,1,9,116,Thu
38-3,2024,30,202417085,38,3,1,2024-04-23,SD,1,9,114,Tue
36-3,2024,30,202417081,36,3,1,2024-04-22,SD,0,NA,113,Mon
35-3,2024,30,NA,NA,NA,NA,NA,NA,NA,NA,NA,NA
39-1,2024,30,NA,NA,NA,NA,NA,NA,NA,NA,NA,NA
37-1,2024,30,202417083,37,1,1,2024-04-22,SD,4,9,113,Mon
39-3,2024,30,202417102,39,3,1,2024-04-30,SD,2,9,121,Tue
38-1,2024,30,NA,NA,NA,NA,NA,NA,NA,NA,NA,NA
35-1,2024,30,NA,NA,NA,NA,NA,NA,NA,NA,NA,NA
37-3,2025,30,202517081,37,3,1,2025-04-23,SD,0,NA,113,Wed
36-1,2025,30,NA,NA,NA,NA,NA,NA,NA,NA,NA,NA
38-3,2025,30,202517067,38,3,1,2025-04-17,SD,2,9,107,Thu
36-3,2025,30,202517101,36,3,1,2025-04-30,SD,0,NA,120,Wed
35-3,2025,30,NA,NA,NA,NA,NA,NA,NA,NA,NA,NA
39-1,2025,30,NA,NA,NA,NA,NA,NA,NA,NA,NA,NA
37-1,2025,30,202517107,37,1,1,2025-05-05,SD,0,NA,125,Mon
39-3,2025,30,202517073,39,3,1,2025-04-21,SD,0,NA,111,Mon
38-1,2025,30,NA,NA,NA,NA,NA,NA,NA,NA,NA,NA
35-1,2025,30,NA,NA,NA,NA,NA,NA,NA,NA,NA,NA
37-3,2023,31,202317075,37,3,1,2023-04-03,SD,1,9,93,Mon
36-1,2023,31,202317064,36,1,1,2023-03-28,SD,0,NA,87,Tue
38-3,2023,31,202317086,38,3,1,2023-04-10,SD,0,NA,100,Mon
36-3,2023,31,202317104,36,3,1,2023-04-20,SD,0,NA,110,Thu
35-3,2023,31,NA,NA,NA,NA,NA,NA,NA,NA,NA,NA
39-1,2023,31,NA,NA,NA,NA,NA,NA,NA,NA,NA,NA
37-1,2023,31,202317067,37,1,1,2023-03-30,SD,0,NA,89,Thu
39-3,2023,31,202317069,39,3,1,2023-03-30,SD,2,9,89,Thu
38-1,2023,31,NA,NA,NA,NA,NA,NA,NA,NA,NA,NA
35-1,2023,31,NA,NA,NA,NA,NA,NA,NA,NA,NA,NA
37-3,2024,31,202417051,37,3,1,2024-04-08,SD,1,9,99,Mon
36-1,2024,31,202417090,36,1,1,2024-04-25,SD,1,9,116,Thu
38-3,2024,31,202417110,38,3,1,2024-05-07,SD,0,NA,128,Tue
36-3,2024,31,202417099,36,3,1,2024-04-29,SD,1,9,120,Mon
35-3,2024,31,NA,NA,NA,NA,NA,NA,NA,NA,NA,NA
39-1,2024,31,NA,NA,NA,NA,NA,NA,NA,NA,NA,NA
37-1,2024,31,202417083,37,1,1,2024-04-22,SD,2,9,113,Mon
39-3,2024,31,202417102,39,3,1,2024-04-30,SD,1,9,121,Tue
38-1,2024,31,NA,NA,NA,NA,NA,NA,NA,NA,NA,NA
35-1,2024,31,NA,NA,NA,NA,NA,NA,NA,NA,NA,NA
37-3,2025,31,202517086,37,3,1,2025-04-24,SD,0,NA,114,Thu
36-1,2025,31,NA,NA,NA,NA,NA,NA,NA,NA,NA,NA
38-3,2025,31,202517067,38,3,1,2025-04-17,SD,1,9,107,Thu
36-3,2025,31,202517102,36,3,1,2025-04-30,SD,0,NA,120,Wed
35-3,2025,31,NA,NA,NA,NA,NA,NA,NA,NA,NA,NA
39-1,2025,31,NA,NA,NA,NA,NA,NA,NA,NA,NA,NA
37-1,2025,31,NA,NA,NA,NA,NA,NA,NA,NA,NA,NA
39-3,2025,31,202517089,39,3,1,2025-04-25,SD,1,9,115,Fri
38-1,2025,31,NA,NA,NA,NA,NA,NA,NA,NA,NA,NA
35-1,2025,31,NA,NA,NA,NA,NA,NA,NA,NA,NA,NA
37-3,2023,32,202317075,37,3,1,2023-04-03,SD,2,9,93,Mon
36-1,2023,32,202317064,36,1,1,2023-03-28,SD,0,NA,87,Tue
38-3,2023,32,202317086,38,3,1,2023-04-10,SD,0,NA,100,Mon
36-3,2023,32,202317104,36,3,1,2023-04-20,SD,0,NA,110,Thu
35-3,2023,32,NA,NA,NA,NA,NA,NA,NA,NA,NA,NA
39-1,2023,32,NA,NA,NA,NA,NA,NA,NA,NA,NA,NA
37-1,2023,32,202317067,37,1,1,2023-03-30,SD,0,NA,89,Thu
39-3,2023,32,202317069,39,3,1,2023-03-30,SD,3,9,89,Thu
38-1,2023,32,NA,NA,NA,NA,NA,NA,NA,NA,NA,NA
35-1,2023,32,NA,NA,NA,NA,NA,NA,NA,NA,NA,NA
37-3,2024,32,202417051,37,3,1,2024-04-08,SD,1,9,99,Mon
36-1,2024,32,202417090,36,1,1,2024-04-25,SD,1,9,116,Thu
38-3,2024,32,202417110,38,3,1,2024-05-07,SD,0,NA,128,Tue
36-3,2024,32,202417099,36,3,1,2024-04-29,SD,1,9,120,Mon
35-3,2024,32,NA,NA,NA,NA,NA,NA,NA,NA,NA,NA
39-1,2024,32,NA,NA,NA,NA,NA,NA,NA,NA,NA,NA
37-1,2024,32,202417083,37,1,1,2024-04-22,SD,2,9,113,Mon
39-3,2024,32,202417102,39,3,1,2024-04-30,SD,3,9,121,Tue
38-1,2024,32,NA,NA,NA,NA,NA,NA,NA,NA,NA,NA
35-1,2024,32,NA,NA,NA,NA,NA,NA,NA,NA,NA,NA
37-3,2025,32,202517086,37,3,1,2025-04-24,SD,0,NA,114,Thu
36-1,2025,32,NA,NA,NA,NA,NA,NA,NA,NA,NA,NA
38-3,2025,32,202517067,38,3,1,2025-04-17,SD,2,9,107,Thu
36-3,2025,32,202517102,36,3,1,2025-04-30,SD,0,NA,120,Wed
35-3,2025,32,NA,NA,NA,NA,NA,NA,NA,NA,NA,NA
39-1,2025,32,NA,NA,NA,NA,NA,NA,NA,NA,NA,NA
37-1,2025,32,NA,NA,NA,NA,NA,NA,NA,NA,NA,NA
39-3,2025,32,202517089,39,3,1,2025-04-25,SD,1,9,115,Fri
38-1,2025,32,NA,NA,NA,NA,NA,NA,NA,NA,NA,NA
35-1,2025,32,NA,NA,NA,NA,NA,NA,NA,NA,NA,NA
37-3,2023,33,202317075,37,3,1,2023-04-03,SD,2,9,93,Mon
36-1,2023,33,202317064,36,1,1,2023-03-28,SD,0,NA,87,Tue
38-3,2023,33,202317086,38,3,1,2023-04-10,SD,0,NA,100,Mon
36-3,2023,33,202317104,36,3,1,2023-04-20,SD,0,NA,110,Thu
35-3,2023,33,NA,NA,NA,NA,NA,NA,NA,NA,NA,NA
39-1,2023,33,NA,NA,NA,NA,NA,NA,NA,NA,NA,NA
37-1,2023,33,202317067,37,1,1,2023-03-30,SD,0,NA,89,Thu
39-3,2023,33,202317069,39,3,1,2023-03-30,SD,2,9,89,Thu
38-1,2023,33,NA,NA,NA,NA,NA,NA,NA,NA,NA,NA
35-1,2023,33,NA,NA,NA,NA,NA,NA,NA,NA,NA,NA
37-3,2024,33,202417051,37,3,1,2024-04-08,SD,1,9,99,Mon
36-1,2024,33,202417090,36,1,1,2024-04-25,SD,1,9,116,Thu
38-3,2024,33,202417110,38,3,1,2024-05-07,SD,0,NA,128,Tue
36-3,2024,33,202417099,36,3,1,2024-04-29,SD,1,9,120,Mon
35-3,2024,33,NA,NA,NA,NA,NA,NA,NA,NA,NA,NA
39-1,2024,33,NA,NA,NA,NA,NA,NA,NA,NA,NA,NA
37-1,2024,33,202417083,37,1,1,2024-04-22,SD,4,9,113,Mon
39-3,2024,33,202417102,39,3,1,2024-04-30,SD,2,9,121,Tue
38-1,2024,33,NA,NA,NA,NA,NA,NA,NA,NA,NA,NA
35-1,2024,33,NA,NA,NA,NA,NA,NA,NA,NA,NA,NA
37-3,2025,33,202517086,37,3,1,2025-04-24,SD,0,NA,114,Thu
36-1,2025,33,NA,NA,NA,NA,NA,NA,NA,NA,NA,NA
38-3,2025,33,202517067,38,3,1,2025-04-17,SD,2,9,107,Thu
36-3,2025,33,202517102,36,3,1,2025-04-30,SD,0,NA,120,Wed
35-3,2025,33,NA,NA,NA,NA,NA,NA,NA,NA,NA,NA
39-1,2025,33,NA,NA,NA,NA,NA,NA,NA,NA,NA,NA
37-1,2025,33,NA,NA,NA,NA,NA,NA,NA,NA,NA,NA
39-3,2025,33,202517089,39,3,1,2025-04-25,SD,3,9,115,Fri
38-1,2025,33,NA,NA,NA,NA,NA,NA,NA,NA,NA,NA
35-1,2025,33,NA,NA,NA,NA,NA,NA,NA,NA,NA,NA
37-3,2023,34,202317075,37,3,1,2023-04-03,SD,1,9,93,Mon
36-1,2023,34,202317076,36,1,1,2023-04-04,SD,0,NA,94,Tue
38-3,2023,34,202317099,38,3,1,2023-04-17,SD,0,NA,107,Mon
36-3,2023,34,202317105,36,3,1,2023-04-21,SD,0,NA,111,Fri
35-3,2023,34,NA,NA,NA,NA,NA,NA,NA,NA,NA,NA
39-1,2023,34,NA,NA,NA,NA,NA,NA,NA,NA,NA,NA
37-1,2023,34,202317082,37,1,1,2023-04-06,SD,1,9,96,Thu
39-3,2023,34,202317069,39,3,1,2023-03-30,SD,3,9,89,Thu
38-1,2023,34,NA,NA,NA,NA,NA,NA,NA,NA,NA,NA
35-1,2023,34,NA,NA,NA,NA,NA,NA,NA,NA,NA,NA
37-3,2024,34,202417051,37,3,1,2024-04-08,SD,1,9,99,Mon
36-1,2024,34,202417098,36,1,1,2024-04-29,SD,0,NA,120,Mon
38-3,2024,34,NA,NA,NA,NA,NA,NA,NA,NA,NA,NA
36-3,2024,34,NA,NA,NA,NA,NA,NA,NA,NA,NA,NA
35-3,2024,34,NA,NA,NA,NA,NA,NA,NA,NA,NA,NA
39-1,2024,34,NA,NA,NA,NA,NA,NA,NA,NA,NA,NA
37-1,2024,34,202417083,37,1,1,2024-04-22,SD,2,9,113,Mon
39-3,2024,34,202417105,39,3,1,2024-05-03,SD,1,9,124,Fri
38-1,2024,34,NA,NA,NA,NA,NA,NA,NA,NA,NA,NA
35-1,2024,34,NA,NA,NA,NA,NA,NA,NA,NA,NA,NA
37-3,2025,34,202517093,37,3,1,2025-04-28,SD,0,NA,118,Mon
36-1,2025,34,NA,NA,NA,NA,NA,NA,NA,NA,NA,NA
38-3,2025,34,202517067,38,3,1,2025-04-17,SD,1,9,107,Thu
36-3,2025,34,202517103,36,3,1,2025-05-01,SD,0,NA,121,Thu
35-3,2025,34,NA,NA,NA,NA,NA,NA,NA,NA,NA,NA
39-1,2025,34,NA,NA,NA,NA,NA,NA,NA,NA,NA,NA
37-1,2025,34,NA,NA,NA,NA,NA,NA,NA,NA,NA,NA
39-3,2025,34,202517089,39,3,1,2025-04-25,SD,1,9,115,Fri
38-1,2025,34,NA,NA,NA,NA,NA,NA,NA,NA,NA,NA
35-1,2025,34,NA,NA,NA,NA,NA,NA,NA,NA,NA,NA
37-3,2023,35,202317075,37,3,1,2023-04-03,SD,2,9,93,Mon
36-1,2023,35,202317076,36,1,1,2023-04-04,SD,0,NA,94,Tue
38-3,2023,35,202317099,38,3,1,2023-04-17,SD,0,NA,107,Mon
36-3,2023,35,202317105,36,3,1,2023-04-21,SD,0,NA,111,Fri
35-3,2023,35,NA,NA,NA,NA,NA,NA,NA,NA,NA,NA
39-1,2023,35,NA,NA,NA,NA,NA,NA,NA,NA,NA,NA
37-1,2023,35,202317082,37,1,1,2023-04-06,SD,1,9,96,Thu
39-3,2023,35,202317069,39,3,1,2023-03-30,SD,2,9,89,Thu
38-1,2023,35,NA,NA,NA,NA,NA,NA,NA,NA,NA,NA
35-1,2023,35,NA,NA,NA,NA,NA,NA,NA,NA,NA,NA
37-3,2024,35,202417051,37,3,1,2024-04-08,SD,1,9,99,Mon
36-1,2024,35,202417098,36,1,1,2024-04-29,SD,0,NA,120,Mon
38-3,2024,35,NA,NA,NA,NA,NA,NA,NA,NA,NA,NA
36-3,2024,35,NA,NA,NA,NA,NA,NA,NA,NA,NA,NA
35-3,2024,35,NA,NA,NA,NA,NA,NA,NA,NA,NA,NA
39-1,2024,35,NA,NA,NA,NA,NA,NA,NA,NA,NA,NA
37-1,2024,35,202417083,37,1,1,2024-04-22,SD,2,9,113,Mon
39-3,2024,35,202417105,39,3,1,2024-05-03,SD,1,9,124,Fri
38-1,2024,35,NA,NA,NA,NA,NA,NA,NA,NA,NA,NA
35-1,2024,35,NA,NA,NA,NA,NA,NA,NA,NA,NA,NA
37-3,2025,35,202517093,37,3,1,2025-04-28,SD,0,NA,118,Mon
36-1,2025,35,NA,NA,NA,NA,NA,NA,NA,NA,NA,NA
38-3,2025,35,202517067,38,3,1,2025-04-17,SD,2,9,107,Thu
36-3,2025,35,202517103,36,3,1,2025-05-01,SD,0,NA,121,Thu
35-3,2025,35,NA,NA,NA,NA,NA,NA,NA,NA,NA,NA
39-1,2025,35,NA,NA,NA,NA,NA,NA,NA,NA,NA,NA
37-1,2025,35,NA,NA,NA,NA,NA,NA,NA,NA,NA,NA
39-3,2025,35,202517089,39,3,1,2025-04-25,SD,1,9,115,Fri
38-1,2025,35,NA,NA,NA,NA,NA,NA,NA,NA,NA,NA
35-1,2025,35,NA,NA,NA,NA,NA,NA,NA,NA,NA,NA
37-3,2023,36,202317075,37,3,1,2023-04-03,SD,2,9,93,Mon
36-1,2023,36,202317076,36,1,1,2023-04-04,SD,0,NA,94,Tue
38-3,2023,36,202317099,38,3,1,2023-04-17,SD,0,NA,107,Mon
36-3,2023,36,202317105,36,3,1,2023-04-21,SD,0,NA,111,Fri
35-3,2023,36,NA,NA,NA,NA,NA,NA,NA,NA,NA,NA
39-1,2023,36,NA,NA,NA,NA,NA,NA,NA,NA,NA,NA
37-1,2023,36,202317082,37,1,1,2023-04-06,SD,1,9,96,Thu
39-3,2023,36,202317069,39,3,1,2023-03-30,SD,3,9,89,Thu
38-1,2023,36,NA,NA,NA,NA,NA,NA,NA,NA,NA,NA
35-1,2023,36,NA,NA,NA,NA,NA,NA,NA,NA,NA,NA
37-3,2024,36,202417051,37,3,1,2024-04-08,SD,1,9,99,Mon
36-1,2024,36,202417098,36,1,1,2024-04-29,SD,0,NA,120,Mon
38-3,2024,36,NA,NA,NA,NA,NA,NA,NA,NA,NA,NA
36-3,2024,36,NA,NA,NA,NA,NA,NA,NA,NA,NA,NA
35-3,2024,36,NA,NA,NA,NA,NA,NA,NA,NA,NA,NA
39-1,2024,36,NA,NA,NA,NA,NA,NA,NA,NA,NA,NA
37-1,2024,36,202417083,37,1,1,2024-04-22,SD,4,9,113,Mon
39-3,2024,36,202417105,39,3,1,2024-05-03,SD,1,9,124,Fri
38-1,2024,36,NA,NA,NA,NA,NA,NA,NA,NA,NA,NA
35-1,2024,36,NA,NA,NA,NA,NA,NA,NA,NA,NA,NA
37-3,2025,36,202517093,37,3,1,2025-04-28,SD,0,NA,118,Mon
36-1,2025,36,NA,NA,NA,NA,NA,NA,NA,NA,NA,NA
38-3,2025,36,202517067,38,3,1,2025-04-17,SD,2,9,107,Thu
36-3,2025,36,202517103,36,3,1,2025-05-01,SD,0,NA,121,Thu
35-3,2025,36,NA,NA,NA,NA,NA,NA,NA,NA,NA,NA
39-1,2025,36,NA,NA,NA,NA,NA,NA,NA,NA,NA,NA
37-1,2025,36,NA,NA,NA,NA,NA,NA,NA,NA,NA,NA
39-3,2025,36,202517089,39,3,1,2025-04-25,SD,3,9,115,Fri
38-1,2025,36,NA,NA,NA,NA,NA,NA,NA,NA,NA,NA
35-1,2025,36,NA,NA,NA,NA,NA,NA,NA,NA,NA,NA
37-3,2023,37,202317075,37,3,1,2023-04-03,SD,1,9,93,Mon
36-1,2023,37,202317091,36,1,1,2023-04-11,SD,0,NA,101,Tue
38-3,2023,37,NA,NA,NA,NA,NA,NA,NA,NA,NA,NA
36-3,2023,37,202317109,36,3,1,2023-04-25,SD,1,9,115,Tue
35-3,2023,37,NA,NA,NA,NA,NA,NA,NA,NA,NA,NA
39-1,2023,37,NA,NA,NA,NA,NA,NA,NA,NA,NA,NA
37-1,2023,37,202317089,37,1,1,2023-04-10,SD,0,NA,100,Mon
39-3,2023,37,202317080,39,3,1,2023-04-05,SD,0,NA,95,Wed
38-1,2023,37,NA,NA,NA,NA,NA,NA,NA,NA,NA,NA
35-1,2023,37,NA,NA,NA,NA,NA,NA,NA,NA,NA,NA
37-3,2024,37,202417055,37,3,1,2024-04-10,SD,1,9,101,Wed
36-1,2024,37,NA,NA,NA,NA,NA,NA,NA,NA,NA,NA
38-3,2024,37,NA,NA,NA,NA,NA,NA,NA,NA,NA,NA
36-3,2024,37,NA,NA,NA,NA,NA,NA,NA,NA,NA,NA
35-3,2024,37,NA,NA,NA,NA,NA,NA,NA,NA,NA,NA
39-1,2024,37,NA,NA,NA,NA,NA,NA,NA,NA,NA,NA
37-1,2024,37,202417087,37,1,1,2024-04-23,SD,1,9,114,Tue
39-3,2024,37,202417107,39,3,1,2024-05-07,SD,0,NA,128,Tue
38-1,2024,37,NA,NA,NA,NA,NA,NA,NA,NA,NA,NA
35-1,2024,37,NA,NA,NA,NA,NA,NA,NA,NA,NA,NA
37-3,2025,37,202517110,37,3,1,2025-05-06,SD,0,NA,126,Tue
36-1,2025,37,NA,NA,NA,NA,NA,NA,NA,NA,NA,NA
38-3,2025,37,202517082,38,3,1,2025-04-23,SD,0,NA,113,Wed
36-3,2025,37,NA,NA,NA,NA,NA,NA,NA,NA,NA,NA
35-3,2025,37,NA,NA,NA,NA,NA,NA,NA,NA,NA,NA
39-1,2025,37,NA,NA,NA,NA,NA,NA,NA,NA,NA,NA
37-1,2025,37,NA,NA,NA,NA,NA,NA,NA,NA,NA,NA
39-3,2025,37,202517089,39,3,1,2025-04-25,SD,1,9,115,Fri
38-1,2025,37,NA,NA,NA,NA,NA,NA,NA,NA,NA,NA
35-1,2025,37,NA,NA,NA,NA,NA,NA,NA,NA,NA,NA
37-3,2023,38,202317075,37,3,1,2023-04-03,SD,2,9,93,Mon
36-1,2023,38,202317091,36,1,1,2023-04-11,SD,0,NA,101,Tue
38-3,2023,38,NA,NA,NA,NA,NA,NA,NA,NA,NA,NA
36-3,2023,38,202317109,36,3,1,2023-04-25,SD,1,9,115,Tue
35-3,2023,38,NA,NA,NA,NA,NA,NA,NA,NA,NA,NA
39-1,2023,38,NA,NA,NA,NA,NA,NA,NA,NA,NA,NA
37-1,2023,38,202317089,37,1,1,2023-04-10,SD,0,NA,100,Mon
39-3,2023,38,202317080,39,3,1,2023-04-05,SD,0,NA,95,Wed
38-1,2023,38,NA,NA,NA,NA,NA,NA,NA,NA,NA,NA
35-1,2023,38,NA,NA,NA,NA,NA,NA,NA,NA,NA,NA
37-3,2024,38,202417055,37,3,1,2024-04-10,SD,1,9,101,Wed
36-1,2024,38,NA,NA,NA,NA,NA,NA,NA,NA,NA,NA
38-3,2024,38,NA,NA,NA,NA,NA,NA,NA,NA,NA,NA
36-3,2024,38,NA,NA,NA,NA,NA,NA,NA,NA,NA,NA
35-3,2024,38,NA,NA,NA,NA,NA,NA,NA,NA,NA,NA
39-1,2024,38,NA,NA,NA,NA,NA,NA,NA,NA,NA,NA
37-1,2024,38,202417087,37,1,1,2024-04-23,SD,3,9,114,Tue
39-3,2024,38,202417107,39,3,1,2024-05-07,SD,0,NA,128,Tue
38-1,2024,38,NA,NA,NA,NA,NA,NA,NA,NA,NA,NA
35-1,2024,38,NA,NA,NA,NA,NA,NA,NA,NA,NA,NA
37-3,2025,38,202517110,37,3,1,2025-05-06,SD,0,NA,126,Tue
36-1,2025,38,NA,NA,NA,NA,NA,NA,NA,NA,NA,NA
38-3,2025,38,202517082,38,3,1,2025-04-23,SD,0,NA,113,Wed
36-3,2025,38,NA,NA,NA,NA,NA,NA,NA,NA,NA,NA
35-3,2025,38,NA,NA,NA,NA,NA,NA,NA,NA,NA,NA
39-1,2025,38,NA,NA,NA,NA,NA,NA,NA,NA,NA,NA
37-1,2025,38,NA,NA,NA,NA,NA,NA,NA,NA,NA,NA
39-3,2025,38,202517089,39,3,1,2025-04-25,SD,1,9,115,Fri
38-1,2025,38,NA,NA,NA,NA,NA,NA,NA,NA,NA,NA
35-1,2025,38,NA,NA,NA,NA,NA,NA,NA,NA,NA,NA
37-3,2023,39,202317075,37,3,1,2023-04-03,SD,2,9,93,Mon
36-1,2023,39,202317091,36,1,1,2023-04-11,SD,0,NA,101,Tue
38-3,2023,39,NA,NA,NA,NA,NA,NA,NA,NA,NA,NA
36-3,2023,39,202317109,36,3,1,2023-04-25,SD,1,9,115,Tue
35-3,2023,39,NA,NA,NA,NA,NA,NA,NA,NA,NA,NA
39-1,2023,39,NA,NA,NA,NA,NA,NA,NA,NA,NA,NA
37-1,2023,39,202317089,37,1,1,2023-04-10,SD,0,NA,100,Mon
39-3,2023,39,202317080,39,3,1,2023-04-05,SD,0,NA,95,Wed
38-1,2023,39,NA,NA,NA,NA,NA,NA,NA,NA,NA,NA
35-1,2023,39,NA,NA,NA,NA,NA,NA,NA,NA,NA,NA
37-3,2024,39,202417055,37,3,1,2024-04-10,SD,1,9,101,Wed
36-1,2024,39,NA,NA,NA,NA,NA,NA,NA,NA,NA,NA
38-3,2024,39,NA,NA,NA,NA,NA,NA,NA,NA,NA,NA
36-3,2024,39,NA,NA,NA,NA,NA,NA,NA,NA,NA,NA
35-3,2024,39,NA,NA,NA,NA,NA,NA,NA,NA,NA,NA
39-1,2024,39,NA,NA,NA,NA,NA,NA,NA,NA,NA,NA
37-1,2024,39,202417087,37,1,1,2024-04-23,SD,1,9,114,Tue
39-3,2024,39,202417107,39,3,1,2024-05-07,SD,0,NA,128,Tue
38-1,2024,39,NA,NA,NA,NA,NA,NA,NA,NA,NA,NA
35-1,2024,39,NA,NA,NA,NA,NA,NA,NA,NA,NA,NA
37-3,2025,39,202517110,37,3,1,2025-05-06,SD,0,NA,126,Tue
36-1,2025,39,NA,NA,NA,NA,NA,NA,NA,NA,NA,NA
38-3,2025,39,202517082,38,3,1,2025-04-23,SD,0,NA,113,Wed
36-3,2025,39,NA,NA,NA,NA,NA,NA,NA,NA,NA,NA
35-3,2025,39,NA,NA,NA,NA,NA,NA,NA,NA,NA,NA
39-1,2025,39,NA,NA,NA,NA,NA,NA,NA,NA,NA,NA
37-1,2025,39,NA,NA,NA,NA,NA,NA,NA,NA,NA,NA
39-3,2025,39,202517089,39,3,1,2025-04-25,SD,3,9,115,Fri
38-1,2025,39,NA,NA,NA,NA,NA,NA,NA,NA,NA,NA
35-1,2025,39,NA,NA,NA,NA,NA,NA,NA,NA,NA,NA
37-3,2023,40,202317085,37,3,1,2023-04-06,SD,2,9,96,Thu
36-1,2023,40,202317094,36,1,1,2023-04-13,SD,1,9,103,Thu
38-3,2023,40,NA,NA,NA,NA,NA,NA,NA,NA,NA,NA
36-3,2023,40,NA,NA,NA,NA,NA,NA,NA,NA,NA,NA
35-3,2023,40,NA,NA,NA,NA,NA,NA,NA,NA,NA,NA
39-1,2023,40,NA,NA,NA,NA,NA,NA,NA,NA,NA,NA
37-1,2023,40,202317108,37,1,1,2023-04-25,SD,1,9,115,Tue
39-3,2023,40,NA,NA,NA,NA,NA,NA,NA,NA,NA,NA
38-1,2023,40,NA,NA,NA,NA,NA,NA,NA,NA,NA,NA
35-1,2023,40,NA,NA,NA,NA,NA,NA,NA,NA,NA,NA
37-3,2024,40,202417068,37,3,1,2024-04-17,SD,0,NA,108,Wed
36-1,2024,40,NA,NA,NA,NA,NA,NA,NA,NA,NA,NA
38-3,2024,40,NA,NA,NA,NA,NA,NA,NA,NA,NA,NA
36-3,2024,40,NA,NA,NA,NA,NA,NA,NA,NA,NA,NA
35-3,2024,40,NA,NA,NA,NA,NA,NA,NA,NA,NA,NA
39-1,2024,40,NA,NA,NA,NA,NA,NA,NA,NA,NA,NA
37-1,2024,40,202417087,37,1,1,2024-04-23,SD,3,9,114,Tue
39-3,2024,40,NA,NA,NA,NA,NA,NA,NA,NA,NA,NA
38-1,2024,40,NA,NA,NA,NA,NA,NA,NA,NA,NA,NA
35-1,2024,40,NA,NA,NA,NA,NA,NA,NA,NA,NA,NA
37-3,2025,40,202517111,37,3,1,2025-05-06,SD,0,NA,126,Tue
36-1,2025,40,NA,NA,NA,NA,NA,NA,NA,NA,NA,NA
38-3,2025,40,202517085,38,3,1,2025-04-24,SD,0,NA,114,Thu
36-3,2025,40,NA,NA,NA,NA,NA,NA,NA,NA,NA,NA
35-3,2025,40,NA,NA,NA,NA,NA,NA,NA,NA,NA,NA
39-1,2025,40,NA,NA,NA,NA,NA,NA,NA,NA,NA,NA
37-1,2025,40,NA,NA,NA,NA,NA,NA,NA,NA,NA,NA
39-3,2025,40,202517091,39,3,1,2025-04-25,SD,1,9,115,Fri
38-1,2025,40,NA,NA,NA,NA,NA,NA,NA,NA,NA,NA
35-1,2025,40,NA,NA,NA,NA,NA,NA,NA,NA,NA,NA
37-3,2023,41,202317085,37,3,1,2023-04-06,SD,2,9,96,Thu
36-1,2023,41,202317094,36,1,1,2023-04-13,SD,1,9,103,Thu
38-3,2023,41,NA,NA,NA,NA,NA,NA,NA,NA,NA,NA
36-3,2023,41,NA,NA,NA,NA,NA,NA,NA,NA,NA,NA
35-3,2023,41,NA,NA,NA,NA,NA,NA,NA,NA,NA,NA
39-1,2023,41,NA,NA,NA,NA,NA,NA,NA,NA,NA,NA
37-1,2023,41,202317108,37,1,1,2023-04-25,SD,1,9,115,Tue
39-3,2023,41,NA,NA,NA,NA,NA,NA,NA,NA,NA,NA
38-1,2023,41,NA,NA,NA,NA,NA,NA,NA,NA,NA,NA
35-1,2023,41,NA,NA,NA,NA,NA,NA,NA,NA,NA,NA
37-3,2024,41,202417068,37,3,1,2024-04-17,SD,0,NA,108,Wed
36-1,2024,41,NA,NA,NA,NA,NA,NA,NA,NA,NA,NA
38-3,2024,41,NA,NA,NA,NA,NA,NA,NA,NA,NA,NA
36-3,2024,41,NA,NA,NA,NA,NA,NA,NA,NA,NA,NA
35-3,2024,41,NA,NA,NA,NA,NA,NA,NA,NA,NA,NA
39-1,2024,41,NA,NA,NA,NA,NA,NA,NA,NA,NA,NA
37-1,2024,41,202417087,37,1,1,2024-04-23,SD,1,9,114,Tue
39-3,2024,41,NA,NA,NA,NA,NA,NA,NA,NA,NA,NA
38-1,2024,41,NA,NA,NA,NA,NA,NA,NA,NA,NA,NA
35-1,2024,41,NA,NA,NA,NA,NA,NA,NA,NA,NA,NA
37-3,2025,41,202517111,37,3,1,2025-05-06,SD,0,NA,126,Tue
36-1,2025,41,NA,NA,NA,NA,NA,NA,NA,NA,NA,NA
38-3,2025,41,202517085,38,3,1,2025-04-24,SD,0,NA,114,Thu
36-3,2025,41,NA,NA,NA,NA,NA,NA,NA,NA,NA,NA
35-3,2025,41,NA,NA,NA,NA,NA,NA,NA,NA,NA,NA
39-1,2025,41,NA,NA,NA,NA,NA,NA,NA,NA,NA,NA
37-1,2025,41,NA,NA,NA,NA,NA,NA,NA,NA,NA,NA
39-3,2025,41,202517091,39,3,1,2025-04-25,SD,1,9,115,Fri
38-1,2025,41,NA,NA,NA,NA,NA,NA,NA,NA,NA,NA
35-1,2025,41,NA,NA,NA,NA,NA,NA,NA,NA,NA,NA
37-3,2023,42,202317085,37,3,1,2023-04-06,SD,2,9,96,Thu
36-1,2023,42,202317094,36,1,1,2023-04-13,SD,1,9,103,Thu
38-3,2023,42,NA,NA,NA,NA,NA,NA,NA,NA,NA,NA
36-3,2023,42,NA,NA,NA,NA,NA,NA,NA,NA,NA,NA
35-3,2023,42,NA,NA,NA,NA,NA,NA,NA,NA,NA,NA
39-1,2023,42,NA,NA,NA,NA,NA,NA,NA,NA,NA,NA
37-1,2023,42,202317108,37,1,1,2023-04-25,SD,1,9,115,Tue
39-3,2023,42,NA,NA,NA,NA,NA,NA,NA,NA,NA,NA
38-1,2023,42,NA,NA,NA,NA,NA,NA,NA,NA,NA,NA
35-1,2023,42,NA,NA,NA,NA,NA,NA,NA,NA,NA,NA
37-3,2024,42,202417068,37,3,1,2024-04-17,SD,0,NA,108,Wed
36-1,2024,42,NA,NA,NA,NA,NA,NA,NA,NA,NA,NA
38-3,2024,42,NA,NA,NA,NA,NA,NA,NA,NA,NA,NA
36-3,2024,42,NA,NA,NA,NA,NA,NA,NA,NA,NA,NA
35-3,2024,42,NA,NA,NA,NA,NA,NA,NA,NA,NA,NA
39-1,2024,42,NA,NA,NA,NA,NA,NA,NA,NA,NA,NA
37-1,2024,42,202417087,37,1,1,2024-04-23,SD,3,9,114,Tue
39-3,2024,42,NA,NA,NA,NA,NA,NA,NA,NA,NA,NA
38-1,2024,42,NA,NA,NA,NA,NA,NA,NA,NA,NA,NA
35-1,2024,42,NA,NA,NA,NA,NA,NA,NA,NA,NA,NA
37-3,2025,42,202517111,37,3,1,2025-05-06,SD,0,NA,126,Tue
36-1,2025,42,NA,NA,NA,NA,NA,NA,NA,NA,NA,NA
38-3,2025,42,202517085,38,3,1,2025-04-24,SD,0,NA,114,Thu
36-3,2025,42,NA,NA,NA,NA,NA,NA,NA,NA,NA,NA
35-3,2025,42,NA,NA,NA,NA,NA,NA,NA,NA,NA,NA
39-1,2025,42,NA,NA,NA,NA,NA,NA,NA,NA,NA,NA
37-1,2025,42,NA,NA,NA,NA,NA,NA,NA,NA,NA,NA
39-3,2025,42,202517091,39,3,1,2025-04-25,SD,1,9,115,Fri
38-1,2025,42,NA,NA,NA,NA,NA,NA,NA,NA,NA,NA
35-1,2025,42,NA,NA,NA,NA,NA,NA,NA,NA,NA,NA
37-3,2023,43,202317093,37,3,3,2023-04-13,SD,0,NA,103,Thu
36-1,2023,43,NA,NA,NA,NA,NA,NA,NA,NA,NA,NA
38-3,2023,43,NA,NA,NA,NA,NA,NA,NA,NA,NA,NA
36-3,2023,43,NA,NA,NA,NA,NA,NA,NA,NA,NA,NA
35-3,2023,43,NA,NA,NA,NA,NA,NA,NA,NA,NA,NA
39-1,2023,43,NA,NA,NA,NA,NA,NA,NA,NA,NA,NA
37-1,2023,43,NA,NA,NA,NA,NA,NA,NA,NA,NA,NA
39-3,2023,43,NA,NA,NA,NA,NA,NA,NA,NA,NA,NA
38-1,2023,43,NA,NA,NA,NA,NA,NA,NA,NA,NA,NA
35-1,2023,43,NA,NA,NA,NA,NA,NA,NA,NA,NA,NA
37-3,2024,43,202417072,37,3,1,2024-04-18,SD,3,9,109,Thu
36-1,2024,43,NA,NA,NA,NA,NA,NA,NA,NA,NA,NA
38-3,2024,43,NA,NA,NA,NA,NA,NA,NA,NA,NA,NA
36-3,2024,43,NA,NA,NA,NA,NA,NA,NA,NA,NA,NA
35-3,2024,43,NA,NA,NA,NA,NA,NA,NA,NA,NA,NA
39-1,2024,43,NA,NA,NA,NA,NA,NA,NA,NA,NA,NA
37-1,2024,43,202417095,37,1,1,2024-04-26,SD,1,9,117,Fri
39-3,2024,43,NA,NA,NA,NA,NA,NA,NA,NA,NA,NA
38-1,2024,43,NA,NA,NA,NA,NA,NA,NA,NA,NA,NA
35-1,2024,43,NA,NA,NA,NA,NA,NA,NA,NA,NA,NA
37-3,2025,43,NA,NA,NA,NA,NA,NA,NA,NA,NA,NA
36-1,2025,43,NA,NA,NA,NA,NA,NA,NA,NA,NA,NA
38-3,2025,43,NA,NA,NA,NA,NA,NA,NA,NA,NA,NA
36-3,2025,43,NA,NA,NA,NA,NA,NA,NA,NA,NA,NA
35-3,2025,43,NA,NA,NA,NA,NA,NA,NA,NA,NA,NA
39-1,2025,43,NA,NA,NA,NA,NA,NA,NA,NA,NA,NA
37-1,2025,43,NA,NA,NA,NA,NA,NA,NA,NA,NA,NA
39-3,2025,43,NA,NA,NA,NA,NA,NA,NA,NA,NA,NA
38-1,2025,43,NA,NA,NA,NA,NA,NA,NA,NA,NA,NA
35-1,2025,43,NA,NA,NA,NA,NA,NA,NA,NA,NA,NA
37-3,2023,44,202317093,37,3,3,2023-04-13,SD,0,NA,103,Thu
36-1,2023,44,NA,NA,NA,NA,NA,NA,NA,NA,NA,NA
38-3,2023,44,NA,NA,NA,NA,NA,NA,NA,NA,NA,NA
36-3,2023,44,NA,NA,NA,NA,NA,NA,NA,NA,NA,NA
35-3,2023,44,NA,NA,NA,NA,NA,NA,NA,NA,NA,NA
39-1,2023,44,NA,NA,NA,NA,NA,NA,NA,NA,NA,NA
37-1,2023,44,NA,NA,NA,NA,NA,NA,NA,NA,NA,NA
39-3,2023,44,NA,NA,NA,NA,NA,NA,NA,NA,NA,NA
38-1,2023,44,NA,NA,NA,NA,NA,NA,NA,NA,NA,NA
35-1,2023,44,NA,NA,NA,NA,NA,NA,NA,NA,NA,NA
37-3,2024,44,202417072,37,3,1,2024-04-18,SD,3,9,109,Thu
36-1,2024,44,NA,NA,NA,NA,NA,NA,NA,NA,NA,NA
38-3,2024,44,NA,NA,NA,NA,NA,NA,NA,NA,NA,NA
36-3,2024,44,NA,NA,NA,NA,NA,NA,NA,NA,NA,NA
35-3,2024,44,NA,NA,NA,NA,NA,NA,NA,NA,NA,NA
39-1,2024,44,NA,NA,NA,NA,NA,NA,NA,NA,NA,NA
37-1,2024,44,202417095,37,1,1,2024-04-26,SD,1,9,117,Fri
39-3,2024,44,NA,NA,NA,NA,NA,NA,NA,NA,NA,NA
38-1,2024,44,NA,NA,NA,NA,NA,NA,NA,NA,NA,NA
35-1,2024,44,NA,NA,NA,NA,NA,NA,NA,NA,NA,NA
37-3,2025,44,NA,NA,NA,NA,NA,NA,NA,NA,NA,NA
36-1,2025,44,NA,NA,NA,NA,NA,NA,NA,NA,NA,NA
38-3,2025,44,NA,NA,NA,NA,NA,NA,NA,NA,NA,NA
36-3,2025,44,NA,NA,NA,NA,NA,NA,NA,NA,NA,NA
35-3,2025,44,NA,NA,NA,NA,NA,NA,NA,NA,NA,NA
39-1,2025,44,NA,NA,NA,NA,NA,NA,NA,NA,NA,NA
37-1,2025,44,NA,NA,NA,NA,NA,NA,NA,NA,NA,NA
39-3,2025,44,NA,NA,NA,NA,NA,NA,NA,NA,NA,NA
38-1,2025,44,NA,NA,NA,NA,NA,NA,NA,NA,NA,NA
35-1,2025,44,NA,NA,NA,NA,NA,NA,NA,NA,NA,NA
37-3,2023,45,202317093,37,3,3,2023-04-13,SD,0,NA,103,Thu
36-1,2023,45,NA,NA,NA,NA,NA,NA,NA,NA,NA,NA
38-3,2023,45,NA,NA,NA,NA,NA,NA,NA,NA,NA,NA
36-3,2023,45,NA,NA,NA,NA,NA,NA,NA,NA,NA,NA
35-3,2023,45,NA,NA,NA,NA,NA,NA,NA,NA,NA,NA
39-1,2023,45,NA,NA,NA,NA,NA,NA,NA,NA,NA,NA
37-1,2023,45,NA,NA,NA,NA,NA,NA,NA,NA,NA,NA
39-3,2023,45,NA,NA,NA,NA,NA,NA,NA,NA,NA,NA
38-1,2023,45,NA,NA,NA,NA,NA,NA,NA,NA,NA,NA
35-1,2023,45,NA,NA,NA,NA,NA,NA,NA,NA,NA,NA
37-3,2024,45,202417072,37,3,1,2024-04-18,SD,3,9,109,Thu
36-1,2024,45,NA,NA,NA,NA,NA,NA,NA,NA,NA,NA
38-3,2024,45,NA,NA,NA,NA,NA,NA,NA,NA,NA,NA
36-3,2024,45,NA,NA,NA,NA,NA,NA,NA,NA,NA,NA
35-3,2024,45,NA,NA,NA,NA,NA,NA,NA,NA,NA,NA
39-1,2024,45,NA,NA,NA,NA,NA,NA,NA,NA,NA,NA
37-1,2024,45,202417095,37,1,1,2024-04-26,SD,2,9,117,Fri
39-3,2024,45,NA,NA,NA,NA,NA,NA,NA,NA,NA,NA
38-1,2024,45,NA,NA,NA,NA,NA,NA,NA,NA,NA,NA
35-1,2024,45,NA,NA,NA,NA,NA,NA,NA,NA,NA,NA
37-3,2025,45,NA,NA,NA,NA,NA,NA,NA,NA,NA,NA
36-1,2025,45,NA,NA,NA,NA,NA,NA,NA,NA,NA,NA
38-3,2025,45,NA,NA,NA,NA,NA,NA,NA,NA,NA,NA
36-3,2025,45,NA,NA,NA,NA,NA,NA,NA,NA,NA,NA
35-3,2025,45,NA,NA,NA,NA,NA,NA,NA,NA,NA,NA
39-1,2025,45,NA,NA,NA,NA,NA,NA,NA,NA,NA,NA
37-1,2025,45,NA,NA,NA,NA,NA,NA,NA,NA,NA,NA
39-3,2025,45,NA,NA,NA,NA,NA,NA,NA,NA,NA,NA
38-1,2025,45,NA,NA,NA,NA,NA,NA,NA,NA,NA,NA
35-1,2025,45,NA,NA,NA,NA,NA,NA,NA,NA,NA,NA
37-3,2023,46,202317102,37,3,1,2023-04-20,SD,0,NA,110,Thu
36-1,2023,46,NA,NA,NA,NA,NA,NA,NA,NA,NA,NA
38-3,2023,46,NA,NA,NA,NA,NA,NA,NA,NA,NA,NA
36-3,2023,46,NA,NA,NA,NA,NA,NA,NA,NA,NA,NA
35-3,2023,46,NA,NA,NA,NA,NA,NA,NA,NA,NA,NA
39-1,2023,46,NA,NA,NA,NA,NA,NA,NA,NA,NA,NA
37-1,2023,46,NA,NA,NA,NA,NA,NA,NA,NA,NA,NA
39-3,2023,46,NA,NA,NA,NA,NA,NA,NA,NA,NA,NA
38-1,2023,46,NA,NA,NA,NA,NA,NA,NA,NA,NA,NA
35-1,2023,46,NA,NA,NA,NA,NA,NA,NA,NA,NA,NA
37-3,2024,46,202417076,37,3,1,2024-04-19,SD,0,NA,110,Fri
36-1,2024,46,NA,NA,NA,NA,NA,NA,NA,NA,NA,NA
38-3,2024,46,NA,NA,NA,NA,NA,NA,NA,NA,NA,NA
36-3,2024,46,NA,NA,NA,NA,NA,NA,NA,NA,NA,NA
35-3,2024,46,NA,NA,NA,NA,NA,NA,NA,NA,NA,NA
39-1,2024,46,NA,NA,NA,NA,NA,NA,NA,NA,NA,NA
37-1,2024,46,202417095,37,1,1,2024-04-26,SD,1,9,117,Fri
39-3,2024,46,NA,NA,NA,NA,NA,NA,NA,NA,NA,NA
38-1,2024,46,NA,NA,NA,NA,NA,NA,NA,NA,NA,NA
35-1,2024,46,NA,NA,NA,NA,NA,NA,NA,NA,NA,NA
37-3,2025,46,NA,NA,NA,NA,NA,NA,NA,NA,NA,NA
36-1,2025,46,NA,NA,NA,NA,NA,NA,NA,NA,NA,NA
38-3,2025,46,NA,NA,NA,NA,NA,NA,NA,NA,NA,NA
36-3,2025,46,NA,NA,NA,NA,NA,NA,NA,NA,NA,NA
35-3,2025,46,NA,NA,NA,NA,NA,NA,NA,NA,NA,NA
39-1,2025,46,NA,NA,NA,NA,NA,NA,NA,NA,NA,NA
37-1,2025,46,NA,NA,NA,NA,NA,NA,NA,NA,NA,NA
39-3,2025,46,NA,NA,NA,NA,NA,NA,NA,NA,NA,NA
38-1,2025,46,NA,NA,NA,NA,NA,NA,NA,NA,NA,NA
35-1,2025,46,NA,NA,NA,NA,NA,NA,NA,NA,NA,NA
37-3,2023,47,202317102,37,3,1,2023-04-20,SD,0,NA,110,Thu
36-1,2023,47,NA,NA,NA,NA,NA,NA,NA,NA,NA,NA
38-3,2023,47,NA,NA,NA,NA,NA,NA,NA,NA,NA,NA
36-3,2023,47,NA,NA,NA,NA,NA,NA,NA,NA,NA,NA
35-3,2023,47,NA,NA,NA,NA,NA,NA,NA,NA,NA,NA
39-1,2023,47,NA,NA,NA,NA,NA,NA,NA,NA,NA,NA
37-1,2023,47,NA,NA,NA,NA,NA,NA,NA,NA,NA,NA
39-3,2023,47,NA,NA,NA,NA,NA,NA,NA,NA,NA,NA
38-1,2023,47,NA,NA,NA,NA,NA,NA,NA,NA,NA,NA
35-1,2023,47,NA,NA,NA,NA,NA,NA,NA,NA,NA,NA
37-3,2024,47,202417076,37,3,1,2024-04-19,SD,0,NA,110,Fri
36-1,2024,47,NA,NA,NA,NA,NA,NA,NA,NA,NA,NA
38-3,2024,47,NA,NA,NA,NA,NA,NA,NA,NA,NA,NA
36-3,2024,47,NA,NA,NA,NA,NA,NA,NA,NA,NA,NA
35-3,2024,47,NA,NA,NA,NA,NA,NA,NA,NA,NA,NA
39-1,2024,47,NA,NA,NA,NA,NA,NA,NA,NA,NA,NA
37-1,2024,47,202417095,37,1,1,2024-04-26,SD,1,9,117,Fri
39-3,2024,47,NA,NA,NA,NA,NA,NA,NA,NA,NA,NA
38-1,2024,47,NA,NA,NA,NA,NA,NA,NA,NA,NA,NA
35-1,2024,47,NA,NA,NA,NA,NA,NA,NA,NA,NA,NA
37-3,2025,47,NA,NA,NA,NA,NA,NA,NA,NA,NA,NA
36-1,2025,47,NA,NA,NA,NA,NA,NA,NA,NA,NA,NA
38-3,2025,47,NA,NA,NA,NA,NA,NA,NA,NA,NA,NA
36-3,2025,47,NA,NA,NA,NA,NA,NA,NA,NA,NA,NA
35-3,2025,47,NA,NA,NA,NA,NA,NA,NA,NA,NA,NA
39-1,2025,47,NA,NA,NA,NA,NA,NA,NA,NA,NA,NA
37-1,2025,47,NA,NA,NA,NA,NA,NA,NA,NA,NA,NA
39-3,2025,47,NA,NA,NA,NA,NA,NA,NA,NA,NA,NA
38-1,2025,47,NA,NA,NA,NA,NA,NA,NA,NA,NA,NA
35-1,2025,47,NA,NA,NA,NA,NA,NA,NA,NA,NA,NA
37-3,2023,48,202317102,37,3,1,2023-04-20,SD,0,NA,110,Thu
36-1,2023,48,NA,NA,NA,NA,NA,NA,NA,NA,NA,NA
38-3,2023,48,NA,NA,NA,NA,NA,NA,NA,NA,NA,NA
36-3,2023,48,NA,NA,NA,NA,NA,NA,NA,NA,NA,NA
35-3,2023,48,NA,NA,NA,NA,NA,NA,NA,NA,NA,NA
39-1,2023,48,NA,NA,NA,NA,NA,NA,NA,NA,NA,NA
37-1,2023,48,NA,NA,NA,NA,NA,NA,NA,NA,NA,NA
39-3,2023,48,NA,NA,NA,NA,NA,NA,NA,NA,NA,NA
38-1,2023,48,NA,NA,NA,NA,NA,NA,NA,NA,NA,NA
35-1,2023,48,NA,NA,NA,NA,NA,NA,NA,NA,NA,NA
37-3,2024,48,202417076,37,3,1,2024-04-19,SD,0,NA,110,Fri
36-1,2024,48,NA,NA,NA,NA,NA,NA,NA,NA,NA,NA
38-3,2024,48,NA,NA,NA,NA,NA,NA,NA,NA,NA,NA
36-3,2024,48,NA,NA,NA,NA,NA,NA,NA,NA,NA,NA
35-3,2024,48,NA,NA,NA,NA,NA,NA,NA,NA,NA,NA
39-1,2024,48,NA,NA,NA,NA,NA,NA,NA,NA,NA,NA
37-1,2024,48,202417095,37,1,1,2024-04-26,SD,2,9,117,Fri
39-3,2024,48,NA,NA,NA,NA,NA,NA,NA,NA,NA,NA
38-1,2024,48,NA,NA,NA,NA,NA,NA,NA,NA,NA,NA
35-1,2024,48,NA,NA,NA,NA,NA,NA,NA,NA,NA,NA
37-3,2025,48,NA,NA,NA,NA,NA,NA,NA,NA,NA,NA
36-1,2025,48,NA,NA,NA,NA,NA,NA,NA,NA,NA,NA
38-3,2025,48,NA,NA,NA,NA,NA,NA,NA,NA,NA,NA
36-3,2025,48,NA,NA,NA,NA,NA,NA,NA,NA,NA,NA
35-3,2025,48,NA,NA,NA,NA,NA,NA,NA,NA,NA,NA
39-1,2025,48,NA,NA,NA,NA,NA,NA,NA,NA,NA,NA
37-1,2025,48,NA,NA,NA,NA,NA,NA,NA,NA,NA,NA
39-3,2025,48,NA,NA,NA,NA,NA,NA,NA,NA,NA,NA
38-1,2025,48,NA,NA,NA,NA,NA,NA,NA,NA,NA,NA
35-1,2025,48,NA,NA,NA,NA,NA,NA,NA,NA,NA,NA
37-3,2023,49,202317107,37,3,1,2023-04-25,SD,0,NA,115,Tue
36-1,2023,49,NA,NA,NA,NA,NA,NA,NA,NA,NA,NA
38-3,2023,49,NA,NA,NA,NA,NA,NA,NA,NA,NA,NA
36-3,2023,49,NA,NA,NA,NA,NA,NA,NA,NA,NA,NA
35-3,2023,49,NA,NA,NA,NA,NA,NA,NA,NA,NA,NA
39-1,2023,49,NA,NA,NA,NA,NA,NA,NA,NA,NA,NA
37-1,2023,49,NA,NA,NA,NA,NA,NA,NA,NA,NA,NA
39-3,2023,49,NA,NA,NA,NA,NA,NA,NA,NA,NA,NA
38-1,2023,49,NA,NA,NA,NA,NA,NA,NA,NA,NA,NA
35-1,2023,49,NA,NA,NA,NA,NA,NA,NA,NA,NA,NA
37-3,2024,49,202417091,37,3,1,2024-04-25,SD,2,9,116,Thu
36-1,2024,49,NA,NA,NA,NA,NA,NA,NA,NA,NA,NA
38-3,2024,49,NA,NA,NA,NA,NA,NA,NA,NA,NA,NA
36-3,2024,49,NA,NA,NA,NA,NA,NA,NA,NA,NA,NA
35-3,2024,49,NA,NA,NA,NA,NA,NA,NA,NA,NA,NA
39-1,2024,49,NA,NA,NA,NA,NA,NA,NA,NA,NA,NA
37-1,2024,49,202417095,37,1,1,2024-04-26,SD,1,9,117,Fri
39-3,2024,49,NA,NA,NA,NA,NA,NA,NA,NA,NA,NA
38-1,2024,49,NA,NA,NA,NA,NA,NA,NA,NA,NA,NA
35-1,2024,49,NA,NA,NA,NA,NA,NA,NA,NA,NA,NA
37-3,2025,49,NA,NA,NA,NA,NA,NA,NA,NA,NA,NA
36-1,2025,49,NA,NA,NA,NA,NA,NA,NA,NA,NA,NA
38-3,2025,49,NA,NA,NA,NA,NA,NA,NA,NA,NA,NA
36-3,2025,49,NA,NA,NA,NA,NA,NA,NA,NA,NA,NA
35-3,2025,49,NA,NA,NA,NA,NA,NA,NA,NA,NA,NA
39-1,2025,49,NA,NA,NA,NA,NA,NA,NA,NA,NA,NA
37-1,2025,49,NA,NA,NA,NA,NA,NA,NA,NA,NA,NA
39-3,2025,49,NA,NA,NA,NA,NA,NA,NA,NA,NA,NA
38-1,2025,49,NA,NA,NA,NA,NA,NA,NA,NA,NA,NA
35-1,2025,49,NA,NA,NA,NA,NA,NA,NA,NA,NA,NA
37-3,2023,50,202317107,37,3,1,2023-04-25,SD,0,NA,115,Tue
36-1,2023,50,NA,NA,NA,NA,NA,NA,NA,NA,NA,NA
38-3,2023,50,NA,NA,NA,NA,NA,NA,NA,NA,NA,NA
36-3,2023,50,NA,NA,NA,NA,NA,NA,NA,NA,NA,NA
35-3,2023,50,NA,NA,NA,NA,NA,NA,NA,NA,NA,NA
39-1,2023,50,NA,NA,NA,NA,NA,NA,NA,NA,NA,NA
37-1,2023,50,NA,NA,NA,NA,NA,NA,NA,NA,NA,NA
39-3,2023,50,NA,NA,NA,NA,NA,NA,NA,NA,NA,NA
38-1,2023,50,NA,NA,NA,NA,NA,NA,NA,NA,NA,NA
35-1,2023,50,NA,NA,NA,NA,NA,NA,NA,NA,NA,NA
37-3,2024,50,202417091,37,3,1,2024-04-25,SD,3,9,116,Thu
36-1,2024,50,NA,NA,NA,NA,NA,NA,NA,NA,NA,NA
38-3,2024,50,NA,NA,NA,NA,NA,NA,NA,NA,NA,NA
36-3,2024,50,NA,NA,NA,NA,NA,NA,NA,NA,NA,NA
35-3,2024,50,NA,NA,NA,NA,NA,NA,NA,NA,NA,NA
39-1,2024,50,NA,NA,NA,NA,NA,NA,NA,NA,NA,NA
37-1,2024,50,202417095,37,1,1,2024-04-26,SD,1,9,117,Fri
39-3,2024,50,NA,NA,NA,NA,NA,NA,NA,NA,NA,NA
38-1,2024,50,NA,NA,NA,NA,NA,NA,NA,NA,NA,NA
35-1,2024,50,NA,NA,NA,NA,NA,NA,NA,NA,NA,NA
37-3,2025,50,NA,NA,NA,NA,NA,NA,NA,NA,NA,NA
36-1,2025,50,NA,NA,NA,NA,NA,NA,NA,NA,NA,NA
38-3,2025,50,NA,NA,NA,NA,NA,NA,NA,NA,NA,NA
36-3,2025,50,NA,NA,NA,NA,NA,NA,NA,NA,NA,NA
35-3,2025,50,NA,NA,NA,NA,NA,NA,NA,NA,NA,NA
39-1,2025,50,NA,NA,NA,NA,NA,NA,NA,NA,NA,NA
37-1,2025,50,NA,NA,NA,NA,NA,NA,NA,NA,NA,NA
39-3,2025,50,NA,NA,NA,NA,NA,NA,NA,NA,NA,NA
38-1,2025,50,NA,NA,NA,NA,NA,NA,NA,NA,NA,NA
35-1,2025,50,NA,NA,NA,NA,NA,NA,NA,NA,NA,NA
37-3,2023,51,202317107,37,3,1,2023-04-25,SD,0,NA,115,Tue
36-1,2023,51,NA,NA,NA,NA,NA,NA,NA,NA,NA,NA
38-3,2023,51,NA,NA,NA,NA,NA,NA,NA,NA,NA,NA
36-3,2023,51,NA,NA,NA,NA,NA,NA,NA,NA,NA,NA
35-3,2023,51,NA,NA,NA,NA,NA,NA,NA,NA,NA,NA
39-1,2023,51,NA,NA,NA,NA,NA,NA,NA,NA,NA,NA
37-1,2023,51,NA,NA,NA,NA,NA,NA,NA,NA,NA,NA
39-3,2023,51,NA,NA,NA,NA,NA,NA,NA,NA,NA,NA
38-1,2023,51,NA,NA,NA,NA,NA,NA,NA,NA,NA,NA
35-1,2023,51,NA,NA,NA,NA,NA,NA,NA,NA,NA,NA
37-3,2024,51,202417091,37,3,1,2024-04-25,SD,3,9,116,Thu
36-1,2024,51,NA,NA,NA,NA,NA,NA,NA,NA,NA,NA
38-3,2024,51,NA,NA,NA,NA,NA,NA,NA,NA,NA,NA
36-3,2024,51,NA,NA,NA,NA,NA,NA,NA,NA,NA,NA
35-3,2024,51,NA,NA,NA,NA,NA,NA,NA,NA,NA,NA
39-1,2024,51,NA,NA,NA,NA,NA,NA,NA,NA,NA,NA
37-1,2024,51,202417095,37,1,1,2024-04-26,SD,2,9,117,Fri
39-3,2024,51,NA,NA,NA,NA,NA,NA,NA,NA,NA,NA
38-1,2024,51,NA,NA,NA,NA,NA,NA,NA,NA,NA,NA
35-1,2024,51,NA,NA,NA,NA,NA,NA,NA,NA,NA,NA
37-3,2025,51,NA,NA,NA,NA,NA,NA,NA,NA,NA,NA
36-1,2025,51,NA,NA,NA,NA,NA,NA,NA,NA,NA,NA
38-3,2025,51,NA,NA,NA,NA,NA,NA,NA,NA,NA,NA
36-3,2025,51,NA,NA,NA,NA,NA,NA,NA,NA,NA,NA
35-3,2025,51,NA,NA,NA,NA,NA,NA,NA,NA,NA,NA
39-1,2025,51,NA,NA,NA,NA,NA,NA,NA,NA,NA,NA
37-1,2025,51,NA,NA,NA,NA,NA,NA,NA,NA,NA,NA
39-3,2025,51,NA,NA,NA,NA,NA,NA,NA,NA,NA,NA
38-1,2025,51,NA,NA,NA,NA,NA,NA,NA,NA,NA,NA
35-1,2025,51,NA,NA,NA,NA,NA,NA,NA,NA,NA,NA
37-3,2023,52,202317110,37,3,1,2023-04-25,SD,0,NA,115,Tue
36-1,2023,52,NA,NA,NA,NA,NA,NA,NA,NA,NA,NA
38-3,2023,52,NA,NA,NA,NA,NA,NA,NA,NA,NA,NA
36-3,2023,52,NA,NA,NA,NA,NA,NA,NA,NA,NA,NA
35-3,2023,52,NA,NA,NA,NA,NA,NA,NA,NA,NA,NA
39-1,2023,52,NA,NA,NA,NA,NA,NA,NA,NA,NA,NA
37-1,2023,52,NA,NA,NA,NA,NA,NA,NA,NA,NA,NA
39-3,2023,52,NA,NA,NA,NA,NA,NA,NA,NA,NA,NA
38-1,2023,52,NA,NA,NA,NA,NA,NA,NA,NA,NA,NA
35-1,2023,52,NA,NA,NA,NA,NA,NA,NA,NA,NA,NA
37-3,2024,52,202417091,37,3,1,2024-04-25,SD,2,9,116,Thu
36-1,2024,52,NA,NA,NA,NA,NA,NA,NA,NA,NA,NA
38-3,2024,52,NA,NA,NA,NA,NA,NA,NA,NA,NA,NA
36-3,2024,52,NA,NA,NA,NA,NA,NA,NA,NA,NA,NA
35-3,2024,52,NA,NA,NA,NA,NA,NA,NA,NA,NA,NA
39-1,2024,52,NA,NA,NA,NA,NA,NA,NA,NA,NA,NA
37-1,2024,52,202417104,37,1,1,2024-05-03,SD,0,NA,124,Fri
39-3,2024,52,NA,NA,NA,NA,NA,NA,NA,NA,NA,NA
38-1,2024,52,NA,NA,NA,NA,NA,NA,NA,NA,NA,NA
35-1,2024,52,NA,NA,NA,NA,NA,NA,NA,NA,NA,NA
37-3,2025,52,NA,NA,NA,NA,NA,NA,NA,NA,NA,NA
36-1,2025,52,NA,NA,NA,NA,NA,NA,NA,NA,NA,NA
38-3,2025,52,NA,NA,NA,NA,NA,NA,NA,NA,NA,NA
36-3,2025,52,NA,NA,NA,NA,NA,NA,NA,NA,NA,NA
35-3,2025,52,NA,NA,NA,NA,NA,NA,NA,NA,NA,NA
39-1,2025,52,NA,NA,NA,NA,NA,NA,NA,NA,NA,NA
37-1,2025,52,NA,NA,NA,NA,NA,NA,NA,NA,NA,NA
39-3,2025,52,NA,NA,NA,NA,NA,NA,NA,NA,NA,NA
38-1,2025,52,NA,NA,NA,NA,NA,NA,NA,NA,NA,NA
35-1,2025,52,NA,NA,NA,NA,NA,NA,NA,NA,NA,NA
37-3,2023,53,202317110,37,3,1,2023-04-25,SD,0,NA,115,Tue
36-1,2023,53,NA,NA,NA,NA,NA,NA,NA,NA,NA,NA
38-3,2023,53,NA,NA,NA,NA,NA,NA,NA,NA,NA,NA
36-3,2023,53,NA,NA,NA,NA,NA,NA,NA,NA,NA,NA
35-3,2023,53,NA,NA,NA,NA,NA,NA,NA,NA,NA,NA
39-1,2023,53,NA,NA,NA,NA,NA,NA,NA,NA,NA,NA
37-1,2023,53,NA,NA,NA,NA,NA,NA,NA,NA,NA,NA
39-3,2023,53,NA,NA,NA,NA,NA,NA,NA,NA,NA,NA
38-1,2023,53,NA,NA,NA,NA,NA,NA,NA,NA,NA,NA
35-1,2023,53,NA,NA,NA,NA,NA,NA,NA,NA,NA,NA
37-3,2024,53,202417091,37,3,1,2024-04-25,SD,3,9,116,Thu
36-1,2024,53,NA,NA,NA,NA,NA,NA,NA,NA,NA,NA
38-3,2024,53,NA,NA,NA,NA,NA,NA,NA,NA,NA,NA
36-3,2024,53,NA,NA,NA,NA,NA,NA,NA,NA,NA,NA
35-3,2024,53,NA,NA,NA,NA,NA,NA,NA,NA,NA,NA
39-1,2024,53,NA,NA,NA,NA,NA,NA,NA,NA,NA,NA
37-1,2024,53,202417104,37,1,1,2024-05-03,SD,0,NA,124,Fri
39-3,2024,53,NA,NA,NA,NA,NA,NA,NA,NA,NA,NA
38-1,2024,53,NA,NA,NA,NA,NA,NA,NA,NA,NA,NA
35-1,2024,53,NA,NA,NA,NA,NA,NA,NA,NA,NA,NA
37-3,2025,53,NA,NA,NA,NA,NA,NA,NA,NA,NA,NA
36-1,2025,53,NA,NA,NA,NA,NA,NA,NA,NA,NA,NA
38-3,2025,53,NA,NA,NA,NA,NA,NA,NA,NA,NA,NA
36-3,2025,53,NA,NA,NA,NA,NA,NA,NA,NA,NA,NA
35-3,2025,53,NA,NA,NA,NA,NA,NA,NA,NA,NA,NA
39-1,2025,53,NA,NA,NA,NA,NA,NA,NA,NA,NA,NA
37-1,2025,53,NA,NA,NA,NA,NA,NA,NA,NA,NA,NA
39-3,2025,53,NA,NA,NA,NA,NA,NA,NA,NA,NA,NA
38-1,2025,53,NA,NA,NA,NA,NA,NA,NA,NA,NA,NA
35-1,2025,53,NA,NA,NA,NA,NA,NA,NA,NA,NA,NA
37-3,2023,54,202317110,37,3,1,2023-04-25,SD,0,NA,115,Tue
36-1,2023,54,NA,NA,NA,NA,NA,NA,NA,NA,NA,NA
38-3,2023,54,NA,NA,NA,NA,NA,NA,NA,NA,NA,NA
36-3,2023,54,NA,NA,NA,NA,NA,NA,NA,NA,NA,NA
35-3,2023,54,NA,NA,NA,NA,NA,NA,NA,NA,NA,NA
39-1,2023,54,NA,NA,NA,NA,NA,NA,NA,NA,NA,NA
37-1,2023,54,NA,NA,NA,NA,NA,NA,NA,NA,NA,NA
39-3,2023,54,NA,NA,NA,NA,NA,NA,NA,NA,NA,NA
38-1,2023,54,NA,NA,NA,NA,NA,NA,NA,NA,NA,NA
35-1,2023,54,NA,NA,NA,NA,NA,NA,NA,NA,NA,NA
37-3,2024,54,202417091,37,3,1,2024-04-25,SD,3,9,116,Thu
36-1,2024,54,NA,NA,NA,NA,NA,NA,NA,NA,NA,NA
38-3,2024,54,NA,NA,NA,NA,NA,NA,NA,NA,NA,NA
36-3,2024,54,NA,NA,NA,NA,NA,NA,NA,NA,NA,NA
35-3,2024,54,NA,NA,NA,NA,NA,NA,NA,NA,NA,NA
39-1,2024,54,NA,NA,NA,NA,NA,NA,NA,NA,NA,NA
37-1,2024,54,202417104,37,1,1,2024-05-03,SD,0,NA,124,Fri
39-3,2024,54,NA,NA,NA,NA,NA,NA,NA,NA,NA,NA
38-1,2024,54,NA,NA,NA,NA,NA,NA,NA,NA,NA,NA
35-1,2024,54,NA,NA,NA,NA,NA,NA,NA,NA,NA,NA
37-3,2025,54,NA,NA,NA,NA,NA,NA,NA,NA,NA,NA
36-1,2025,54,NA,NA,NA,NA,NA,NA,NA,NA,NA,NA
38-3,2025,54,NA,NA,NA,NA,NA,NA,NA,NA,NA,NA
36-3,2025,54,NA,NA,NA,NA,NA,NA,NA,NA,NA,NA
35-3,2025,54,NA,NA,NA,NA,NA,NA,NA,NA,NA,NA
39-1,2025,54,NA,NA,NA,NA,NA,NA,NA,NA,NA,NA
37-1,2025,54,NA,NA,NA,NA,NA,NA,NA,NA,NA,NA
39-3,2025,54,NA,NA,NA,NA,NA,NA,NA,NA,NA,NA
38-1,2025,54,NA,NA,NA,NA,NA,NA,NA,NA,NA,NA
35-1,2025,54,NA,NA,NA,NA,NA,NA,NA,NA,NA,NA
37-3,2023,55,NA,NA,NA,NA,NA,NA,NA,NA,NA,NA
36-1,2023,55,NA,NA,NA,NA,NA,NA,NA,NA,NA,NA
38-3,2023,55,NA,NA,NA,NA,NA,NA,NA,NA,NA,NA
36-3,2023,55,NA,NA,NA,NA,NA,NA,NA,NA,NA,NA
35-3,2023,55,NA,NA,NA,NA,NA,NA,NA,NA,NA,NA
39-1,2023,55,NA,NA,NA,NA,NA,NA,NA,NA,NA,NA
37-1,2023,55,NA,NA,NA,NA,NA,NA,NA,NA,NA,NA
39-3,2023,55,NA,NA,NA,NA,NA,NA,NA,NA,NA,NA
38-1,2023,55,NA,NA,NA,NA,NA,NA,NA,NA,NA,NA
35-1,2023,55,NA,NA,NA,NA,NA,NA,NA,NA,NA,NA
37-3,2024,55,202417091,37,3,1,2024-04-25,SD,2,9,116,Thu
36-1,2024,55,NA,NA,NA,NA,NA,NA,NA,NA,NA,NA
38-3,2024,55,NA,NA,NA,NA,NA,NA,NA,NA,NA,NA
36-3,2024,55,NA,NA,NA,NA,NA,NA,NA,NA,NA,NA
35-3,2024,55,NA,NA,NA,NA,NA,NA,NA,NA,NA,NA
39-1,2024,55,NA,NA,NA,NA,NA,NA,NA,NA,NA,NA
37-1,2024,55,NA,NA,NA,NA,NA,NA,NA,NA,NA,NA
39-3,2024,55,NA,NA,NA,NA,NA,NA,NA,NA,NA,NA
38-1,2024,55,NA,NA,NA,NA,NA,NA,NA,NA,NA,NA
35-1,2024,55,NA,NA,NA,NA,NA,NA,NA,NA,NA,NA
37-3,2025,55,NA,NA,NA,NA,NA,NA,NA,NA,NA,NA
36-1,2025,55,NA,NA,NA,NA,NA,NA,NA,NA,NA,NA
38-3,2025,55,NA,NA,NA,NA,NA,NA,NA,NA,NA,NA
36-3,2025,55,NA,NA,NA,NA,NA,NA,NA,NA,NA,NA
35-3,2025,55,NA,NA,NA,NA,NA,NA,NA,NA,NA,NA
39-1,2025,55,NA,NA,NA,NA,NA,NA,NA,NA,NA,NA
37-1,2025,55,NA,NA,NA,NA,NA,NA,NA,NA,NA,NA
39-3,2025,55,NA,NA,NA,NA,NA,NA,NA,NA,NA,NA
38-1,2025,55,NA,NA,NA,NA,NA,NA,NA,NA,NA,NA
35-1,2025,55,NA,NA,NA,NA,NA,NA,NA,NA,NA,NA
37-3,2023,56,NA,NA,NA,NA,NA,NA,NA,NA,NA,NA
36-1,2023,56,NA,NA,NA,NA,NA,NA,NA,NA,NA,NA
38-3,2023,56,NA,NA,NA,NA,NA,NA,NA,NA,NA,NA
36-3,2023,56,NA,NA,NA,NA,NA,NA,NA,NA,NA,NA
35-3,2023,56,NA,NA,NA,NA,NA,NA,NA,NA,NA,NA
39-1,2023,56,NA,NA,NA,NA,NA,NA,NA,NA,NA,NA
37-1,2023,56,NA,NA,NA,NA,NA,NA,NA,NA,NA,NA
39-3,2023,56,NA,NA,NA,NA,NA,NA,NA,NA,NA,NA
38-1,2023,56,NA,NA,NA,NA,NA,NA,NA,NA,NA,NA
35-1,2023,56,NA,NA,NA,NA,NA,NA,NA,NA,NA,NA
37-3,2024,56,202417091,37,3,1,2024-04-25,SD,3,9,116,Thu
36-1,2024,56,NA,NA,NA,NA,NA,NA,NA,NA,NA,NA
38-3,2024,56,NA,NA,NA,NA,NA,NA,NA,NA,NA,NA
36-3,2024,56,NA,NA,NA,NA,NA,NA,NA,NA,NA,NA
35-3,2024,56,NA,NA,NA,NA,NA,NA,NA,NA,NA,NA
39-1,2024,56,NA,NA,NA,NA,NA,NA,NA,NA,NA,NA
37-1,2024,56,NA,NA,NA,NA,NA,NA,NA,NA,NA,NA
39-3,2024,56,NA,NA,NA,NA,NA,NA,NA,NA,NA,NA
38-1,2024,56,NA,NA,NA,NA,NA,NA,NA,NA,NA,NA
35-1,2024,56,NA,NA,NA,NA,NA,NA,NA,NA,NA,NA
37-3,2025,56,NA,NA,NA,NA,NA,NA,NA,NA,NA,NA
36-1,2025,56,NA,NA,NA,NA,NA,NA,NA,NA,NA,NA
38-3,2025,56,NA,NA,NA,NA,NA,NA,NA,NA,NA,NA
36-3,2025,56,NA,NA,NA,NA,NA,NA,NA,NA,NA,NA
35-3,2025,56,NA,NA,NA,NA,NA,NA,NA,NA,NA,NA
39-1,2025,56,NA,NA,NA,NA,NA,NA,NA,NA,NA,NA
37-1,2025,56,NA,NA,NA,NA,NA,NA,NA,NA,NA,NA
39-3,2025,56,NA,NA,NA,NA,NA,NA,NA,NA,NA,NA
38-1,2025,56,NA,NA,NA,NA,NA,NA,NA,NA,NA,NA
35-1,2025,56,NA,NA,NA,NA,NA,NA,NA,NA,NA,NA
37-3,2023,57,NA,NA,NA,NA,NA,NA,NA,NA,NA,NA
36-1,2023,57,NA,NA,NA,NA,NA,NA,NA,NA,NA,NA
38-3,2023,57,NA,NA,NA,NA,NA,NA,NA,NA,NA,NA
36-3,2023,57,NA,NA,NA,NA,NA,NA,NA,NA,NA,NA
35-3,2023,57,NA,NA,NA,NA,NA,NA,NA,NA,NA,NA
39-1,2023,57,NA,NA,NA,NA,NA,NA,NA,NA,NA,NA
37-1,2023,57,NA,NA,NA,NA,NA,NA,NA,NA,NA,NA
39-3,2023,57,NA,NA,NA,NA,NA,NA,NA,NA,NA,NA
38-1,2023,57,NA,NA,NA,NA,NA,NA,NA,NA,NA,NA
35-1,2023,57,NA,NA,NA,NA,NA,NA,NA,NA,NA,NA
37-3,2024,57,202417091,37,3,1,2024-04-25,SD,3,9,116,Thu
36-1,2024,57,NA,NA,NA,NA,NA,NA,NA,NA,NA,NA
38-3,2024,57,NA,NA,NA,NA,NA,NA,NA,NA,NA,NA
36-3,2024,57,NA,NA,NA,NA,NA,NA,NA,NA,NA,NA
35-3,2024,57,NA,NA,NA,NA,NA,NA,NA,NA,NA,NA
39-1,2024,57,NA,NA,NA,NA,NA,NA,NA,NA,NA,NA
37-1,2024,57,NA,NA,NA,NA,NA,NA,NA,NA,NA,NA
39-3,2024,57,NA,NA,NA,NA,NA,NA,NA,NA,NA,NA
38-1,2024,57,NA,NA,NA,NA,NA,NA,NA,NA,NA,NA
35-1,2024,57,NA,NA,NA,NA,NA,NA,NA,NA,NA,NA
37-3,2025,57,NA,NA,NA,NA,NA,NA,NA,NA,NA,NA
36-1,2025,57,NA,NA,NA,NA,NA,NA,NA,NA,NA,NA
38-3,2025,57,NA,NA,NA,NA,NA,NA,NA,NA,NA,NA
36-3,2025,57,NA,NA,NA,NA,NA,NA,NA,NA,NA,NA
35-3,2025,57,NA,NA,NA,NA,NA,NA,NA,NA,NA,NA
39-1,2025,57,NA,NA,NA,NA,NA,NA,NA,NA,NA,NA
37-1,2025,57,NA,NA,NA,NA,NA,NA,NA,NA,NA,NA
39-3,2025,57,NA,NA,NA,NA,NA,NA,NA,NA,NA,NA
38-1,2025,57,NA,NA,NA,NA,NA,NA,NA,NA,NA,NA
35-1,2025,57,NA,NA,NA,NA,NA,NA,NA,NA,NA,NA
37-3,2023,58,NA,NA,NA,NA,NA,NA,NA,NA,NA,NA
36-1,2023,58,NA,NA,NA,NA,NA,NA,NA,NA,NA,NA
38-3,2023,58,NA,NA,NA,NA,NA,NA,NA,NA,NA,NA
36-3,2023,58,NA,NA,NA,NA,NA,NA,NA,NA,NA,NA
35-3,2023,58,NA,NA,NA,NA,NA,NA,NA,NA,NA,NA
39-1,2023,58,NA,NA,NA,NA,NA,NA,NA,NA,NA,NA
37-1,2023,58,NA,NA,NA,NA,NA,NA,NA,NA,NA,NA
39-3,2023,58,NA,NA,NA,NA,NA,NA,NA,NA,NA,NA
38-1,2023,58,NA,NA,NA,NA,NA,NA,NA,NA,NA,NA
35-1,2023,58,NA,NA,NA,NA,NA,NA,NA,NA,NA,NA
37-3,2024,58,202417094,37,3,1,2024-04-26,SD,2,9,117,Fri
36-1,2024,58,NA,NA,NA,NA,NA,NA,NA,NA,NA,NA
38-3,2024,58,NA,NA,NA,NA,NA,NA,NA,NA,NA,NA
36-3,2024,58,NA,NA,NA,NA,NA,NA,NA,NA,NA,NA
35-3,2024,58,NA,NA,NA,NA,NA,NA,NA,NA,NA,NA
39-1,2024,58,NA,NA,NA,NA,NA,NA,NA,NA,NA,NA
37-1,2024,58,NA,NA,NA,NA,NA,NA,NA,NA,NA,NA
39-3,2024,58,NA,NA,NA,NA,NA,NA,NA,NA,NA,NA
38-1,2024,58,NA,NA,NA,NA,NA,NA,NA,NA,NA,NA
35-1,2024,58,NA,NA,NA,NA,NA,NA,NA,NA,NA,NA
37-3,2025,58,NA,NA,NA,NA,NA,NA,NA,NA,NA,NA
36-1,2025,58,NA,NA,NA,NA,NA,NA,NA,NA,NA,NA
38-3,2025,58,NA,NA,NA,NA,NA,NA,NA,NA,NA,NA
36-3,2025,58,NA,NA,NA,NA,NA,NA,NA,NA,NA,NA
35-3,2025,58,NA,NA,NA,NA,NA,NA,NA,NA,NA,NA
39-1,2025,58,NA,NA,NA,NA,NA,NA,NA,NA,NA,NA
37-1,2025,58,NA,NA,NA,NA,NA,NA,NA,NA,NA,NA
39-3,2025,58,NA,NA,NA,NA,NA,NA,NA,NA,NA,NA
38-1,2025,58,NA,NA,NA,NA,NA,NA,NA,NA,NA,NA
35-1,2025,58,NA,NA,NA,NA,NA,NA,NA,NA,NA,NA
37-3,2023,59,NA,NA,NA,NA,NA,NA,NA,NA,NA,NA
36-1,2023,59,NA,NA,NA,NA,NA,NA,NA,NA,NA,NA
38-3,2023,59,NA,NA,NA,NA,NA,NA,NA,NA,NA,NA
36-3,2023,59,NA,NA,NA,NA,NA,NA,NA,NA,NA,NA
35-3,2023,59,NA,NA,NA,NA,NA,NA,NA,NA,NA,NA
39-1,2023,59,NA,NA,NA,NA,NA,NA,NA,NA,NA,NA
37-1,2023,59,NA,NA,NA,NA,NA,NA,NA,NA,NA,NA
39-3,2023,59,NA,NA,NA,NA,NA,NA,NA,NA,NA,NA
38-1,2023,59,NA,NA,NA,NA,NA,NA,NA,NA,NA,NA
35-1,2023,59,NA,NA,NA,NA,NA,NA,NA,NA,NA,NA
37-3,2024,59,202417094,37,3,1,2024-04-26,SD,5,9,117,Fri
36-1,2024,59,NA,NA,NA,NA,NA,NA,NA,NA,NA,NA
38-3,2024,59,NA,NA,NA,NA,NA,NA,NA,NA,NA,NA
36-3,2024,59,NA,NA,NA,NA,NA,NA,NA,NA,NA,NA
35-3,2024,59,NA,NA,NA,NA,NA,NA,NA,NA,NA,NA
39-1,2024,59,NA,NA,NA,NA,NA,NA,NA,NA,NA,NA
37-1,2024,59,NA,NA,NA,NA,NA,NA,NA,NA,NA,NA
39-3,2024,59,NA,NA,NA,NA,NA,NA,NA,NA,NA,NA
38-1,2024,59,NA,NA,NA,NA,NA,NA,NA,NA,NA,NA
35-1,2024,59,NA,NA,NA,NA,NA,NA,NA,NA,NA,NA
37-3,2025,59,NA,NA,NA,NA,NA,NA,NA,NA,NA,NA
36-1,2025,59,NA,NA,NA,NA,NA,NA,NA,NA,NA,NA
38-3,2025,59,NA,NA,NA,NA,NA,NA,NA,NA,NA,NA
36-3,2025,59,NA,NA,NA,NA,NA,NA,NA,NA,NA,NA
35-3,2025,59,NA,NA,NA,NA,NA,NA,NA,NA,NA,NA
39-1,2025,59,NA,NA,NA,NA,NA,NA,NA,NA,NA,NA
37-1,2025,59,NA,NA,NA,NA,NA,NA,NA,NA,NA,NA
39-3,2025,59,NA,NA,NA,NA,NA,NA,NA,NA,NA,NA
38-1,2025,59,NA,NA,NA,NA,NA,NA,NA,NA,NA,NA
35-1,2025,59,NA,NA,NA,NA,NA,NA,NA,NA,NA,NA
37-3,2023,60,NA,NA,NA,NA,NA,NA,NA,NA,NA,NA
36-1,2023,60,NA,NA,NA,NA,NA,NA,NA,NA,NA,NA
38-3,2023,60,NA,NA,NA,NA,NA,NA,NA,NA,NA,NA
36-3,2023,60,NA,NA,NA,NA,NA,NA,NA,NA,NA,NA
35-3,2023,60,NA,NA,NA,NA,NA,NA,NA,NA,NA,NA
39-1,2023,60,NA,NA,NA,NA,NA,NA,NA,NA,NA,NA
37-1,2023,60,NA,NA,NA,NA,NA,NA,NA,NA,NA,NA
39-3,2023,60,NA,NA,NA,NA,NA,NA,NA,NA,NA,NA
38-1,2023,60,NA,NA,NA,NA,NA,NA,NA,NA,NA,NA
35-1,2023,60,NA,NA,NA,NA,NA,NA,NA,NA,NA,NA
37-3,2024,60,202417094,37,3,1,2024-04-26,SD,2,9,117,Fri
36-1,2024,60,NA,NA,NA,NA,NA,NA,NA,NA,NA,NA
38-3,2024,60,NA,NA,NA,NA,NA,NA,NA,NA,NA,NA
36-3,2024,60,NA,NA,NA,NA,NA,NA,NA,NA,NA,NA
35-3,2024,60,NA,NA,NA,NA,NA,NA,NA,NA,NA,NA
39-1,2024,60,NA,NA,NA,NA,NA,NA,NA,NA,NA,NA
37-1,2024,60,NA,NA,NA,NA,NA,NA,NA,NA,NA,NA
39-3,2024,60,NA,NA,NA,NA,NA,NA,NA,NA,NA,NA
38-1,2024,60,NA,NA,NA,NA,NA,NA,NA,NA,NA,NA
35-1,2024,60,NA,NA,NA,NA,NA,NA,NA,NA,NA,NA
37-3,2025,60,NA,NA,NA,NA,NA,NA,NA,NA,NA,NA
36-1,2025,60,NA,NA,NA,NA,NA,NA,NA,NA,NA,NA
38-3,2025,60,NA,NA,NA,NA,NA,NA,NA,NA,NA,NA
36-3,2025,60,NA,NA,NA,NA,NA,NA,NA,NA,NA,NA
35-3,2025,60,NA,NA,NA,NA,NA,NA,NA,NA,NA,NA
39-1,2025,60,NA,NA,NA,NA,NA,NA,NA,NA,NA,NA
37-1,2025,60,NA,NA,NA,NA,NA,NA,NA,NA,NA,NA
39-3,2025,60,NA,NA,NA,NA,NA,NA,NA,NA,NA,NA
38-1,2025,60,NA,NA,NA,NA,NA,NA,NA,NA,NA,NA
35-1,2025,60,NA,NA,NA,NA,NA,NA,NA,NA,NA,NA
37-3,2023,61,NA,NA,NA,NA,NA,NA,NA,NA,NA,NA
36-1,2023,61,NA,NA,NA,NA,NA,NA,NA,NA,NA,NA
38-3,2023,61,NA,NA,NA,NA,NA,NA,NA,NA,NA,NA
36-3,2023,61,NA,NA,NA,NA,NA,NA,NA,NA,NA,NA
35-3,2023,61,NA,NA,NA,NA,NA,NA,NA,NA,NA,NA
39-1,2023,61,NA,NA,NA,NA,NA,NA,NA,NA,NA,NA
37-1,2023,61,NA,NA,NA,NA,NA,NA,NA,NA,NA,NA
39-3,2023,61,NA,NA,NA,NA,NA,NA,NA,NA,NA,NA
38-1,2023,61,NA,NA,NA,NA,NA,NA,NA,NA,NA,NA
35-1,2023,61,NA,NA,NA,NA,NA,NA,NA,NA,NA,NA
37-3,2024,61,202417094,37,3,1,2024-04-26,SD,5,9,117,Fri
36-1,2024,61,NA,NA,NA,NA,NA,NA,NA,NA,NA,NA
38-3,2024,61,NA,NA,NA,NA,NA,NA,NA,NA,NA,NA
36-3,2024,61,NA,NA,NA,NA,NA,NA,NA,NA,NA,NA
35-3,2024,61,NA,NA,NA,NA,NA,NA,NA,NA,NA,NA
39-1,2024,61,NA,NA,NA,NA,NA,NA,NA,NA,NA,NA
37-1,2024,61,NA,NA,NA,NA,NA,NA,NA,NA,NA,NA
39-3,2024,61,NA,NA,NA,NA,NA,NA,NA,NA,NA,NA
38-1,2024,61,NA,NA,NA,NA,NA,NA,NA,NA,NA,NA
35-1,2024,61,NA,NA,NA,NA,NA,NA,NA,NA,NA,NA
37-3,2025,61,NA,NA,NA,NA,NA,NA,NA,NA,NA,NA
36-1,2025,61,NA,NA,NA,NA,NA,NA,NA,NA,NA,NA
38-3,2025,61,NA,NA,NA,NA,NA,NA,NA,NA,NA,NA
36-3,2025,61,NA,NA,NA,NA,NA,NA,NA,NA,NA,NA
35-3,2025,61,NA,NA,NA,NA,NA,NA,NA,NA,NA,NA
39-1,2025,61,NA,NA,NA,NA,NA,NA,NA,NA,NA,NA
37-1,2025,61,NA,NA,NA,NA,NA,NA,NA,NA,NA,NA
39-3,2025,61,NA,NA,NA,NA,NA,NA,NA,NA,NA,NA
38-1,2025,61,NA,NA,NA,NA,NA,NA,NA,NA,NA,NA
35-1,2025,61,NA,NA,NA,NA,NA,NA,NA,NA,NA,NA
37-3,2023,62,NA,NA,NA,NA,NA,NA,NA,NA,NA,NA
36-1,2023,62,NA,NA,NA,NA,NA,NA,NA,NA,NA,NA
38-3,2023,62,NA,NA,NA,NA,NA,NA,NA,NA,NA,NA
36-3,2023,62,NA,NA,NA,NA,NA,NA,NA,NA,NA,NA
35-3,2023,62,NA,NA,NA,NA,NA,NA,NA,NA,NA,NA
39-1,2023,62,NA,NA,NA,NA,NA,NA,NA,NA,NA,NA
37-1,2023,62,NA,NA,NA,NA,NA,NA,NA,NA,NA,NA
39-3,2023,62,NA,NA,NA,NA,NA,NA,NA,NA,NA,NA
38-1,2023,62,NA,NA,NA,NA,NA,NA,NA,NA,NA,NA
35-1,2023,62,NA,NA,NA,NA,NA,NA,NA,NA,NA,NA
37-3,2024,62,202417094,37,3,1,2024-04-26,SD,2,9,117,Fri
36-1,2024,62,NA,NA,NA,NA,NA,NA,NA,NA,NA,NA
38-3,2024,62,NA,NA,NA,NA,NA,NA,NA,NA,NA,NA
36-3,2024,62,NA,NA,NA,NA,NA,NA,NA,NA,NA,NA
35-3,2024,62,NA,NA,NA,NA,NA,NA,NA,NA,NA,NA
39-1,2024,62,NA,NA,NA,NA,NA,NA,NA,NA,NA,NA
37-1,2024,62,NA,NA,NA,NA,NA,NA,NA,NA,NA,NA
39-3,2024,62,NA,NA,NA,NA,NA,NA,NA,NA,NA,NA
38-1,2024,62,NA,NA,NA,NA,NA,NA,NA,NA,NA,NA
35-1,2024,62,NA,NA,NA,NA,NA,NA,NA,NA,NA,NA
37-3,2025,62,NA,NA,NA,NA,NA,NA,NA,NA,NA,NA
36-1,2025,62,NA,NA,NA,NA,NA,NA,NA,NA,NA,NA
38-3,2025,62,NA,NA,NA,NA,NA,NA,NA,NA,NA,NA
36-3,2025,62,NA,NA,NA,NA,NA,NA,NA,NA,NA,NA
35-3,2025,62,NA,NA,NA,NA,NA,NA,NA,NA,NA,NA
39-1,2025,62,NA,NA,NA,NA,NA,NA,NA,NA,NA,NA
37-1,2025,62,NA,NA,NA,NA,NA,NA,NA,NA,NA,NA
39-3,2025,62,NA,NA,NA,NA,NA,NA,NA,NA,NA,NA
38-1,2025,62,NA,NA,NA,NA,NA,NA,NA,NA,NA,NA
35-1,2025,62,NA,NA,NA,NA,NA,NA,NA,NA,NA,NA
37-3,2023,63,NA,NA,NA,NA,NA,NA,NA,NA,NA,NA
36-1,2023,63,NA,NA,NA,NA,NA,NA,NA,NA,NA,NA
38-3,2023,63,NA,NA,NA,NA,NA,NA,NA,NA,NA,NA
36-3,2023,63,NA,NA,NA,NA,NA,NA,NA,NA,NA,NA
35-3,2023,63,NA,NA,NA,NA,NA,NA,NA,NA,NA,NA
39-1,2023,63,NA,NA,NA,NA,NA,NA,NA,NA,NA,NA
37-1,2023,63,NA,NA,NA,NA,NA,NA,NA,NA,NA,NA
39-3,2023,63,NA,NA,NA,NA,NA,NA,NA,NA,NA,NA
38-1,2023,63,NA,NA,NA,NA,NA,NA,NA,NA,NA,NA
35-1,2023,63,NA,NA,NA,NA,NA,NA,NA,NA,NA,NA
37-3,2024,63,202417094,37,3,1,2024-04-26,SD,5,9,117,Fri
36-1,2024,63,NA,NA,NA,NA,NA,NA,NA,NA,NA,NA
38-3,2024,63,NA,NA,NA,NA,NA,NA,NA,NA,NA,NA
36-3,2024,63,NA,NA,NA,NA,NA,NA,NA,NA,NA,NA
35-3,2024,63,NA,NA,NA,NA,NA,NA,NA,NA,NA,NA
39-1,2024,63,NA,NA,NA,NA,NA,NA,NA,NA,NA,NA
37-1,2024,63,NA,NA,NA,NA,NA,NA,NA,NA,NA,NA
39-3,2024,63,NA,NA,NA,NA,NA,NA,NA,NA,NA,NA
38-1,2024,63,NA,NA,NA,NA,NA,NA,NA,NA,NA,NA
35-1,2024,63,NA,NA,NA,NA,NA,NA,NA,NA,NA,NA
37-3,2025,63,NA,NA,NA,NA,NA,NA,NA,NA,NA,NA
36-1,2025,63,NA,NA,NA,NA,NA,NA,NA,NA,NA,NA
38-3,2025,63,NA,NA,NA,NA,NA,NA,NA,NA,NA,NA
36-3,2025,63,NA,NA,NA,NA,NA,NA,NA,NA,NA,NA
35-3,2025,63,NA,NA,NA,NA,NA,NA,NA,NA,NA,NA
39-1,2025,63,NA,NA,NA,NA,NA,NA,NA,NA,NA,NA
37-1,2025,63,NA,NA,NA,NA,NA,NA,NA,NA,NA,NA
39-3,2025,63,NA,NA,NA,NA,NA,NA,NA,NA,NA,NA
38-1,2025,63,NA,NA,NA,NA,NA,NA,NA,NA,NA,NA
35-1,2025,63,NA,NA,NA,NA,NA,NA,NA,NA,NA,NA
37-3,2023,64,NA,NA,NA,NA,NA,NA,NA,NA,NA,NA
36-1,2023,64,NA,NA,NA,NA,NA,NA,NA,NA,NA,NA
38-3,2023,64,NA,NA,NA,NA,NA,NA,NA,NA,NA,NA
36-3,2023,64,NA,NA,NA,NA,NA,NA,NA,NA,NA,NA
35-3,2023,64,NA,NA,NA,NA,NA,NA,NA,NA,NA,NA
39-1,2023,64,NA,NA,NA,NA,NA,NA,NA,NA,NA,NA
37-1,2023,64,NA,NA,NA,NA,NA,NA,NA,NA,NA,NA
39-3,2023,64,NA,NA,NA,NA,NA,NA,NA,NA,NA,NA
38-1,2023,64,NA,NA,NA,NA,NA,NA,NA,NA,NA,NA
35-1,2023,64,NA,NA,NA,NA,NA,NA,NA,NA,NA,NA
37-3,2024,64,202417109,37,3,1,2024-05-07,SD,0,NA,128,Tue
36-1,2024,64,NA,NA,NA,NA,NA,NA,NA,NA,NA,NA
38-3,2024,64,NA,NA,NA,NA,NA,NA,NA,NA,NA,NA
36-3,2024,64,NA,NA,NA,NA,NA,NA,NA,NA,NA,NA
35-3,2024,64,NA,NA,NA,NA,NA,NA,NA,NA,NA,NA
39-1,2024,64,NA,NA,NA,NA,NA,NA,NA,NA,NA,NA
37-1,2024,64,NA,NA,NA,NA,NA,NA,NA,NA,NA,NA
39-3,2024,64,NA,NA,NA,NA,NA,NA,NA,NA,NA,NA
38-1,2024,64,NA,NA,NA,NA,NA,NA,NA,NA,NA,NA
35-1,2024,64,NA,NA,NA,NA,NA,NA,NA,NA,NA,NA
37-3,2025,64,NA,NA,NA,NA,NA,NA,NA,NA,NA,NA
36-1,2025,64,NA,NA,NA,NA,NA,NA,NA,NA,NA,NA
38-3,2025,64,NA,NA,NA,NA,NA,NA,NA,NA,NA,NA
36-3,2025,64,NA,NA,NA,NA,NA,NA,NA,NA,NA,NA
35-3,2025,64,NA,NA,NA,NA,NA,NA,NA,NA,NA,NA
39-1,2025,64,NA,NA,NA,NA,NA,NA,NA,NA,NA,NA
37-1,2025,64,NA,NA,NA,NA,NA,NA,NA,NA,NA,NA
39-3,2025,64,NA,NA,NA,NA,NA,NA,NA,NA,NA,NA
38-1,2025,64,NA,NA,NA,NA,NA,NA,NA,NA,NA,NA
35-1,2025,64,NA,NA,NA,NA,NA,NA,NA,NA,NA,NA
37-3,2023,65,NA,NA,NA,NA,NA,NA,NA,NA,NA,NA
36-1,2023,65,NA,NA,NA,NA,NA,NA,NA,NA,NA,NA
38-3,2023,65,NA,NA,NA,NA,NA,NA,NA,NA,NA,NA
36-3,2023,65,NA,NA,NA,NA,NA,NA,NA,NA,NA,NA
35-3,2023,65,NA,NA,NA,NA,NA,NA,NA,NA,NA,NA
39-1,2023,65,NA,NA,NA,NA,NA,NA,NA,NA,NA,NA
37-1,2023,65,NA,NA,NA,NA,NA,NA,NA,NA,NA,NA
39-3,2023,65,NA,NA,NA,NA,NA,NA,NA,NA,NA,NA
38-1,2023,65,NA,NA,NA,NA,NA,NA,NA,NA,NA,NA
35-1,2023,65,NA,NA,NA,NA,NA,NA,NA,NA,NA,NA
37-3,2024,65,202417109,37,3,1,2024-05-07,SD,0,NA,128,Tue
36-1,2024,65,NA,NA,NA,NA,NA,NA,NA,NA,NA,NA
38-3,2024,65,NA,NA,NA,NA,NA,NA,NA,NA,NA,NA
36-3,2024,65,NA,NA,NA,NA,NA,NA,NA,NA,NA,NA
35-3,2024,65,NA,NA,NA,NA,NA,NA,NA,NA,NA,NA
39-1,2024,65,NA,NA,NA,NA,NA,NA,NA,NA,NA,NA
37-1,2024,65,NA,NA,NA,NA,NA,NA,NA,NA,NA,NA
39-3,2024,65,NA,NA,NA,NA,NA,NA,NA,NA,NA,NA
38-1,2024,65,NA,NA,NA,NA,NA,NA,NA,NA,NA,NA
35-1,2024,65,NA,NA,NA,NA,NA,NA,NA,NA,NA,NA
37-3,2025,65,NA,NA,NA,NA,NA,NA,NA,NA,NA,NA
36-1,2025,65,NA,NA,NA,NA,NA,NA,NA,NA,NA,NA
38-3,2025,65,NA,NA,NA,NA,NA,NA,NA,NA,NA,NA
36-3,2025,65,NA,NA,NA,NA,NA,NA,NA,NA,NA,NA
35-3,2025,65,NA,NA,NA,NA,NA,NA,NA,NA,NA,NA
39-1,2025,65,NA,NA,NA,NA,NA,NA,NA,NA,NA,NA
37-1,2025,65,NA,NA,NA,NA,NA,NA,NA,NA,NA,NA
39-3,2025,65,NA,NA,NA,NA,NA,NA,NA,NA,NA,NA
38-1,2025,65,NA,NA,NA,NA,NA,NA,NA,NA,NA,NA
35-1,2025,65,NA,NA,NA,NA,NA,NA,NA,NA,NA,NA
37-3,2023,66,NA,NA,NA,NA,NA,NA,NA,NA,NA,NA
36-1,2023,66,NA,NA,NA,NA,NA,NA,NA,NA,NA,NA
38-3,2023,66,NA,NA,NA,NA,NA,NA,NA,NA,NA,NA
36-3,2023,66,NA,NA,NA,NA,NA,NA,NA,NA,NA,NA
35-3,2023,66,NA,NA,NA,NA,NA,NA,NA,NA,NA,NA
39-1,2023,66,NA,NA,NA,NA,NA,NA,NA,NA,NA,NA
37-1,2023,66,NA,NA,NA,NA,NA,NA,NA,NA,NA,NA
39-3,2023,66,NA,NA,NA,NA,NA,NA,NA,NA,NA,NA
38-1,2023,66,NA,NA,NA,NA,NA,NA,NA,NA,NA,NA
35-1,2023,66,NA,NA,NA,NA,NA,NA,NA,NA,NA,NA
37-3,2024,66,202417109,37,3,1,2024-05-07,SD,0,NA,128,Tue
36-1,2024,66,NA,NA,NA,NA,NA,NA,NA,NA,NA,NA
38-3,2024,66,NA,NA,NA,NA,NA,NA,NA,NA,NA,NA
36-3,2024,66,NA,NA,NA,NA,NA,NA,NA,NA,NA,NA
35-3,2024,66,NA,NA,NA,NA,NA,NA,NA,NA,NA,NA
39-1,2024,66,NA,NA,NA,NA,NA,NA,NA,NA,NA,NA
37-1,2024,66,NA,NA,NA,NA,NA,NA,NA,NA,NA,NA
39-3,2024,66,NA,NA,NA,NA,NA,NA,NA,NA,NA,NA
38-1,2024,66,NA,NA,NA,NA,NA,NA,NA,NA,NA,NA
35-1,2024,66,NA,NA,NA,NA,NA,NA,NA,NA,NA,NA
37-3,2025,66,NA,NA,NA,NA,NA,NA,NA,NA,NA,NA
36-1,2025,66,NA,NA,NA,NA,NA,NA,NA,NA,NA,NA
38-3,2025,66,NA,NA,NA,NA,NA,NA,NA,NA,NA,NA
36-3,2025,66,NA,NA,NA,NA,NA,NA,NA,NA,NA,NA
35-3,2025,66,NA,NA,NA,NA,NA,NA,NA,NA,NA,NA
39-1,2025,66,NA,NA,NA,NA,NA,NA,NA,NA,NA,NA
37-1,2025,66,NA,NA,NA,NA,NA,NA,NA,NA,NA,NA
39-3,2025,66,NA,NA,NA,NA,NA,NA,NA,NA,NA,NA
38-1,2025,66,NA,NA,NA,NA,NA,NA,NA,NA,NA,NA
35-1,2025,66,NA,NA,NA,NA,NA,NA,NA,NA,NA,NA
