batch,mean_p,lower95_p,upper95_p
20045001,0.0374756221566127,0.00235237525574249,0.170263140308314
20045012,0.0377441867429234,0.00236210793863582,0.17439054147633
20045018,0.03747982876668,0.00230776053420505,0.171068521909857
20045021,0.0376479567894554,0.00233981476409908,0.173373472780784
20045030,0.0376472914147764,0.00238369920829272,0.172395106698838
20045038,0.0378479398023346,0.00234544664876908,0.173512975892129
20045041,0.0373859554954352,0.00234008524164556,0.171977452081963
20045043,0.0375431457647645,0.00231762432160115,0.171733022633176
20045044,0.037582424319251,0.00235474526477709,0.173418726845348
20045045,0.0371594209535368,0.00233751459077158,0.169149600853161
20045049,0.0373963531173133,0.00232483329820683,0.170548717440576
20045057,0.0373367937460999,0.00233754825223411,0.170379345254093
20045058,0.0373989676283829,0.00236604690071292,0.170457386368453
20045074,0.037563152952868,0.0023443353478084,0.171830932458457
20045075,0.0376930679774921,0.00237381981459071,0.17331607507679
20045076,0.0375209105255636,0.00232755348911978,0.170953858277539
20045077,0.0374374964324161,0.00230574834611158,0.174485971322953
20045078,0.0375760214939035,0.00235677782878535,0.171875234924125
20045079,0.0374321339094875,0.0023246763362535,0.171046113720633
20045080,0.0374368698399761,0.00236217797836923,0.17113193342295
20045082,0.0374464382112246,0.00233993035342266,0.171335894446747
20045085,0.0375735718856542,0.00234114249009075,0.169234984415823
20055001,0.037189022684953,0.00230979047916205,0.168523083368126
20055007,0.037490733782253,0.00232032846248602,0.172231361507296
20055008,0.0374933797754764,0.00235484563174076,0.171175732964792
20055011,0.0373330571450169,0.00234010285493815,0.169581052780097
20055016,0.037487194447883,0.00236555081699921,0.170619317052477
20055017,0.0371282576997439,0.00232982549394892,0.169342044977998
20055019,0.0374414403946585,0.00235712468145189,0.171388620641814
20055020,0.0372529325180551,0.00232911939836939,0.171746222434404
20055022,0.0376298727072689,0.00236257904015316,0.171598516281311
20055023,0.0373812999220595,0.00231200234740084,0.170560435094017
20055024,0.0374044105332839,0.00232648959949885,0.171061772843107
20055026,0.0374598969102395,0.00231280165883202,0.171198254817544
20055035,0.0379042464994301,0.00238283248933893,0.174522883415213
20055037,0.0372702764575067,0.0023342990753038,0.169101165212062
20055040,0.0375207925437101,0.0023324591673085,0.171398670958148
20055044,0.0374089206997316,0.00236760328551242,0.170941588716815
20055051,0.0374886356389824,0.00232832030820603,0.171322053520626
20055052,0.0375857497239078,0.00235139847270848,0.17122981254334
20055053,0.0373758150407523,0.00230026993793883,0.172765776879463
20055054,0.0371863104554734,0.00231512988091969,0.169161405020048
20055059,0.0374794468742887,0.00232173212222312,0.170801213239047
20055060,0.0374793958686463,0.00233334601153806,0.171413348887574
20055062,0.0374472007527902,0.0023545873859475,0.172131521058063
20055064,0.0376423097559162,0.00235815745615816,0.172761531531301
20055065,0.0377730195398016,0.00236137911443279,0.173506385547456
20055066,0.03750362914468,0.0023150212274416,0.172846166656679
20055067,0.0375294811154926,0.00232324752395449,0.171897307555467
20055068,0.0376412964798043,0.00235705945671853,0.172661272155304
20055069,0.0378347466725487,0.00238125461493554,0.172486513773563
20055070,0.0376230939742232,0.00235812159923064,0.173734320403491
20055072,0.0375475919332047,0.00232438902626674,0.171404036810695
20055075,0.0377001465825623,0.00235480935686675,0.173089011154021
20055076,0.0376365656696025,0.00236095992819899,0.173056679576624
20055077,0.0370905801722101,0.00229702946420995,0.169235294967765
20055078,0.037449523989137,0.00234537472079388,0.171288784640226
20055079,0.0375643495213908,0.00230914129244825,0.171491890023256
200617001,0.0374607499456738,0.00234339634551132,0.169987884014113
200617002,0.0375356040304937,0.00231460097287185,0.171767124455287
200617003,0.0375721689576074,0.00227189873207546,0.172755897910524
200617004,0.037769005589684,0.00234845599911149,0.174255677312311
200617005,0.03780935417061,0.00231523771414304,0.172593270073434
200617006,0.0370726231561345,0.00233508253976835,0.16869451635999
200617007,0.037292209719299,0.00234060475036694,0.169829991361594
200617008,0.0371189725379318,0.00233468801618761,0.169762222360673
200617015,0.0374963733455964,0.00235508944714195,0.169680828127711
200617016,0.0375185589714653,0.00232897885449173,0.169946850303558
200617017,0.0377052625486125,0.00235326718189557,0.171094554488634
200617018,0.0371029025507036,0.00231927665477979,0.170804503998212
200617019,0.0373197472449898,0.00232037214759037,0.169988965156367
200617021,0.0378059713162778,0.00237691880441347,0.173292669741554
200617022,0.0373346220538133,0.00234681062940785,0.170961130748503
200617023,0.0371371509958359,0.00233176051942168,0.170272067074448
200617024,0.0373666386551498,0.00232096423847954,0.170194781475178
200617025,0.0374354941265245,0.00233890971320945,0.170782552396076
200617026,0.0376072727952314,0.00234041866720066,0.172360964382163
200617027,0.0374046453435084,0.00235340625182518,0.169841913803738
200617028,0.0376149947544166,0.00233958405670198,0.171031903741776
200617029,0.0376656509429295,0.00233685158047365,0.172643447582814
200617030,0.037501020593312,0.00234025226995331,0.171751871900069
200617031,0.037406984750701,0.00234977091747038,0.172922101546804
200617032,0.037588684527703,0.00235685131937201,0.171760966676072
200617033,0.0372905466651966,0.00230193558646397,0.170886468848731
200617034,0.037539009876857,0.00234206682348299,0.17279997048043
200617035,0.0375109657596265,0.00229449973418915,0.171674388326379
200617036,0.03738613194397,0.00232972537289027,0.171446493242702
200617037,0.0376128592018066,0.00237544714851466,0.172006247188823
200617038,0.0373578405460763,0.00228611628707081,0.172404346923426
200617039,0.0375347138655989,0.00235242090103187,0.170443324010597
200617040,0.0375888323099891,0.00232641195894955,0.172199443234657
200617041,0.0376221522758377,0.00231921442235001,0.170745350195264
200617042,0.0375840580641578,0.00232839040959508,0.171190183593369
200617043,0.0376376719583767,0.00232903528951245,0.170730209019149
200617044,0.0380243235384463,0.00237931879109502,0.174822406854046
200617045,0.0371602048722763,0.00230684798644127,0.169602001925357
200617046,0.0377207389479264,0.00234039805084329,0.17255693633663
200617047,0.0373542506338514,0.00234152076659936,0.171741427513351
200617048,0.0374973504541993,0.00232212418785057,0.171851231010249
200617049,0.0373224846423522,0.00232712132405002,0.171270208973956
200617050,0.0378121905899619,0.00232590095931354,0.173427784190794
200617051,0.0375263300174411,0.00235124543274458,0.171394422246784
200617052,0.0376407251516879,0.00234711183775583,0.171990291291143
200617053,0.0376417884458145,0.00232353534884616,0.171387713698319
200617054,0.0373414568747188,0.00233158765923173,0.172106183717949
200617055,0.0372238586258719,0.00234556285162644,0.168927828896096
200617056,0.0373410788178385,0.00232964163279349,0.172095921667403
200617059,0.0373567067289536,0.00235504089830162,0.171561246751652
200617060,0.0374426822763955,0.0023230376565765,0.170811170310918
200617061,0.0374218634607181,0.00233643064748054,0.170814899850817
200617062,0.037809922833369,0.00234899558744725,0.173630108909173
200617063,0.037446628948951,0.00230104645248173,0.171359556598804
200617064,0.03759706271251,0.00234822142719729,0.173371985947355
200617065,0.0376285348068572,0.00235583337222731,0.17276351626221
200617066,0.0373385779745938,0.00236420391344888,0.170640303472164
200617069,0.0376860593864493,0.00230808648014024,0.172327604616539
200617070,0.0374886767549497,0.00234481903849492,0.172368341694138
200617071,0.0371782132051207,0.00230850083060169,0.168737672061922
200617073,0.0375240451271471,0.00233156596490119,0.171280611208231
200617074,0.0374420106063228,0.00233390973742283,0.171320307127864
200617075,0.0374070795129759,0.0023180832850183,0.171041715288356
200617076,0.0376068976350382,0.00235460861799642,0.17292332724882
200617077,0.0377004853621504,0.00234448246567048,0.17172498607114
200617078,0.0375848798583752,0.00235662091271907,0.171280899933097
200617081,0.037918598204404,0.00234764786430917,0.172811133606807
200617082,0.0372846261129994,0.00233393616386037,0.171401639318241
200617083,0.0372513782329514,0.00237000439407353,0.168390904306185
200617084,0.0374671354128627,0.00233411248314635,0.171140320230519
200617085,0.0372534551716289,0.00233482283776669,0.170253287367148
200617086,0.0374220123217193,0.00233745584053966,0.172016373961365
200617087,0.0376676455682559,0.00230511520358868,0.171314401219614
200617088,0.0375671779325339,0.00234907413785375,0.172129954875746
200617089,0.0373734307622169,0.0023179245163649,0.17018154076542
200617090,0.0374590167074593,0.0023411458556374,0.172098127861898
200617091,0.0375705555910738,0.00231248752976955,0.172372592507536
200617092,0.0373762719999372,0.00229254217131438,0.170187074314174
200617093,0.0375839862823119,0.00236272617530489,0.171506913798794
200617094,0.0374729078533837,0.00233212327742168,0.171515390584417
200617095,0.0378616694457346,0.00235398997674228,0.173699894190627
200617096,0.0373492463048142,0.00231232607438757,0.171628058269885
200717001,0.0374888580372762,0.00234007204158238,0.171463177285782
200717002,0.0373984082246848,0.00233798754671501,0.170127758962044
200717003,0.0376595455674185,0.00230846409401519,0.17244317731605
200717004,0.0374731657873167,0.00235344868353507,0.172031392847283
200717005,0.0376725101947176,0.00236044901464478,0.172635273127021
200717006,0.0376427426392586,0.00232211180461078,0.172746123371112
200717007,0.0374763098445549,0.00238294888950923,0.1720218215578
200717008,0.0374782081909411,0.00233330229224719,0.171833921814759
200717009,0.0376761929876072,0.00232862947962377,0.172474397053186
200717010,0.0379690070026248,0.00237243596820916,0.175000695831573
200717011,0.0374429160066619,0.00233597500193735,0.16979765589038
200717012,0.03765843974309,0.00233976969130425,0.172778703802904
200717013,0.0372959380174197,0.00235381414431347,0.170917113848537
200717014,0.0377819777710966,0.00237552635576629,0.173981142460994
200717015,0.0376681937714348,0.00235486814964266,0.173753636125273
200717016,0.0375191581735318,0.00234179817369691,0.171860619285122
200717017,0.0375687153869122,0.00231779306497499,0.171166421234632
200717018,0.0372429418291042,0.00234606940590668,0.170836786274418
200717019,0.0374595142666274,0.00233701575590913,0.171290571079435
200717020,0.0377672420056332,0.00232154076290133,0.1736948655949
200717021,0.0375967050509865,0.00234023112000605,0.170613396827518
200717022,0.0376050008057318,0.00234677974099213,0.171424398608818
200717023,0.037245585632741,0.0023109859042803,0.170805673516573
200717024,0.0376432109793129,0.0023601526605107,0.172536304953602
200717025,0.0375691770798886,0.00232368868046363,0.172803233599807
200717026,0.0377006935585671,0.00235482520557749,0.170676446354743
200717027,0.0374188066483537,0.00234070876981788,0.170222211923911
200717028,0.0375969074259687,0.00233161879644988,0.172684701960496
200717029,0.0375024659411087,0.00234959921845719,0.170648463665347
200717030,0.0376827721804184,0.00234727964135096,0.172779807155553
200717031,0.0373250161516423,0.00236355393677307,0.170844750741495
200717032,0.0376755614631296,0.0023460250806028,0.173445691287717
200717033,0.0375552535678522,0.00230447019171785,0.173119857682769
200717034,0.0372925945624835,0.00235489535629676,0.170577440242344
200717035,0.0373446691349872,0.00233324965298618,0.170344756428375
200717036,0.0375065809534219,0.00235540625548726,0.173760187810321
200717037,0.0375920844844052,0.00236702565432807,0.171935738416752
200717038,0.0376764266037975,0.00235463940180074,0.171868111252317
200717039,0.0376393217261,0.00238832910554301,0.172505102267641
200717040,0.0374355863071091,0.00236614104414715,0.172923547181378
200717041,0.0374729893626013,0.00239759210925403,0.1706759217978
200717042,0.0373085945288459,0.00232382233780348,0.171642044316593
200717043,0.0374662585854187,0.00233003306547953,0.171567150369325
200717045,0.0372840338101876,0.002342166253927,0.169605946797228
200717046,0.037666860844102,0.00234662425538714,0.17284169846957
200717047,0.0376534782713872,0.00236450754174281,0.171020621362548
200717048,0.0376013627613771,0.00234934365972375,0.171513760633146
200717049,0.0375678211064295,0.00231774896621056,0.170851847439898
200717050,0.0376210205709057,0.00233089890816614,0.170977563961966
200717051,0.0374762217336445,0.00233396089978637,0.170855431730636
200717052,0.037595757511262,0.00231930069860311,0.171721835081414
200717053,0.0374874672538096,0.00234502453747698,0.170418692010802
200717054,0.0375572428024115,0.0023182200575191,0.171505517459127
200717055,0.0373078699122975,0.00228885607419354,0.170298264218621
200717056,0.0374487952828251,0.00235810427968428,0.170681402796082
200717057,0.0371849910125538,0.00232037399571661,0.169418796785783
200717058,0.0376008361371297,0.00233854217833379,0.172171574435281
200717059,0.0374680578576349,0.00232759886820266,0.170709837534619
200717060,0.0372867588288907,0.0023626470208523,0.168743516831909
200717061,0.0375313557542365,0.00233316616414255,0.172682693817059
200717062,0.0371963246407828,0.0023299382120029,0.170605510422881
200717063,0.0372308102453217,0.00231879821788034,0.170615209944251
200717065,0.0375146925244543,0.00231844862204717,0.171563393128767
200717066,0.037765620618722,0.00236567692622507,0.173144988981687
200717067,0.0374733955464547,0.00234740110766589,0.171865245278463
200717068,0.0374368681020408,0.00235977575530622,0.171356925851494
200717069,0.037667420434637,0.0023780080124645,0.173201008254341
200717070,0.0375497584976287,0.00235008018273259,0.171636046773929
200717071,0.0374220247308726,0.00231337032135043,0.170461602578582
200717072,0.0378239821304699,0.00231511347598374,0.17377159627427
200717075,0.0375837363462044,0.00233162590160345,0.171757990612024
200717076,0.0375355094625513,0.00236636676148442,0.170469549698368
200717077,0.0374341855051886,0.00233087893884108,0.171281208700093
200717078,0.0374034003747721,0.00232912737168102,0.171995438920965
200717080,0.037421297414918,0.00233079942537939,0.170436069002158
200717081,0.0374206592583682,0.00234555663711996,0.171326277680466
200717082,0.0369667316046512,0.00228324953961205,0.169875930575137
200717083,0.0372198363784097,0.0023111474578813,0.17041213871043
200717084,0.0378392920413314,0.00230158804857697,0.172031794514052
200717085,0.0376319002393726,0.0023454500562163,0.172852493587031
200817001,0.0377952396247268,0.00234778317679264,0.172227739861311
200817002,0.037471004776621,0.00234899249724823,0.17070866791307
200817003,0.0373860429253437,0.00231263824638191,0.17121454609018
200817004,0.0374557889448866,0.00231714072761023,0.16975791009067
200817005,0.0374702659156965,0.00230741716922673,0.17108658699087
200817006,0.0373673996407599,0.00233993271763278,0.171533292418838
200817007,0.0376075858889302,0.00233459019991965,0.171127596618505
200817008,0.0374630254281506,0.00232413282598356,0.171681179797522
200817009,0.0374642923117576,0.00234071559514351,0.171299701762399
200817011,0.0375698850088767,0.0023416766563859,0.171510556376189
200817012,0.0374253422683713,0.00234914722985247,0.170773618696951
200817013,0.0372454102414572,0.00232842164745855,0.170854023982778
200817014,0.0379031714532429,0.00234430211020552,0.173039927672955
200817015,0.037569558657446,0.00232526197140692,0.171248499297318
200817016,0.0374998508572835,0.00233513878281083,0.171568926371598
200817017,0.0376157875140653,0.00235764725385848,0.171280634595954
200817018,0.0374055707584407,0.00230999273310524,0.170262183109682
200817019,0.0374247411386015,0.00231493484333021,0.171959877572225
200817022,0.037550422863834,0.00231444951816743,0.172220560700144
200817023,0.0373591746223301,0.00231204154340661,0.170414514994939
200817024,0.0375201442656703,0.00232572754527572,0.172199684603656
200817025,0.037478567308029,0.00233387557191773,0.171740927622484
200817026,0.0372499519424489,0.0023651410395185,0.170918692453728
200817027,0.0377009952588803,0.00234596552381633,0.172349076986045
200817028,0.0374555118332435,0.00230858252195597,0.171174086286043
200817029,0.037427876648915,0.00235500743307016,0.170634191673249
200817031,0.0373888977019644,0.00232587716864219,0.171030035471426
200817032,0.0374211329087284,0.00232333899606094,0.170792483213908
200817033,0.0377948458368015,0.00236132731466933,0.173873097337873
200817034,0.0372364403595215,0.00233457721915699,0.16982978696889
200817035,0.0374210814139513,0.00231019723418448,0.171946086292425
200817036,0.037604855018364,0.00234187029968429,0.172312205712817
200817037,0.0374477971187181,0.00234012751290906,0.171595455053474
200817040,0.0372541654604865,0.00228867813342261,0.170178988866655
200817041,0.0376740874668368,0.00233943090519007,0.172654802759906
200817042,0.0376999877324159,0.00233483794090031,0.172901530467714
200817043,0.0374314639330258,0.00230875406443183,0.172357121200604
200817044,0.0373669798338987,0.00236912154510097,0.17065242812644
200817045,0.037693808713118,0.0023475593350428,0.17317261233618
200817046,0.0374254931024469,0.00231827913991607,0.171627850732233
200817047,0.0376066844893366,0.00232584667775212,0.173208932423736
200817048,0.0370002972456995,0.00229930234387717,0.169504589597106
200817049,0.0372842617739566,0.00234695214488498,0.169527994982305
200817050,0.0374168595368658,0.00233645231454788,0.16948781846871
200817052,0.0373497805001468,0.00229543359980375,0.169619144077105
200817053,0.037905912198783,0.00235767188231514,0.174859128534399
200817054,0.0377893350150828,0.00239055740081812,0.172774749299068
200817055,0.0375155526935634,0.00231457077011921,0.170122092709329
200817056,0.0373292443358985,0.00236872872773037,0.171563214435568
200817057,0.0372366526113353,0.0023200148260303,0.170454703011789
200817058,0.0374948101318097,0.0022990124128381,0.172097918046161
200817059,0.0376757662163604,0.00233240667716989,0.173504909115851
200817060,0.0374418812738991,0.00230961011721645,0.172348073578725
200817061,0.0373280483280688,0.00231248830456791,0.169844236788214
200817062,0.0374617062088586,0.00234808955970847,0.170695405821275
200817063,0.0376147958359238,0.00234739576673795,0.172404371209236
200817064,0.0375986647939427,0.00237338811929726,0.169212198756238
200817066,0.0375150398661521,0.00231171449985311,0.172550869615234
200817067,0.0376282239946819,0.00233306748404585,0.172765033814276
200817068,0.0375142261456282,0.00237942037063597,0.170983276823573
200817069,0.0373977091368329,0.00233615016507669,0.171191879328097
200817070,0.0378545549063112,0.00232432448734312,0.17323900194343
200817071,0.037400894632224,0.00233771083401945,0.171035235009675
200817072,0.0374671291618182,0.00233711291996941,0.170646483272527
200817073,0.0378851915523559,0.00233227312313656,0.174913132585342
200817074,0.0377458341942301,0.00234973639825158,0.172649094354248
200817075,0.0378481277100218,0.00236474171789319,0.172568620700908
200817076,0.0371107509799295,0.00234463526247869,0.171026169971164
200817077,0.0377480536990039,0.00238419194767487,0.173598202636426
200817078,0.0375331687101817,0.00232290613037822,0.17312100950308
200817079,0.0373354361918982,0.00231998995039952,0.169931615437322
200817080,0.0376722833020355,0.00233150119397915,0.172652793355619
200817081,0.0374905714288268,0.00228917995661545,0.172097317161798
200817082,0.0375936147206822,0.00234688302526773,0.170722360769572
200817083,0.0376001633767646,0.00233344469831807,0.172528798936897
200817084,0.0374143794843783,0.0023412905082981,0.170918674032365
200817085,0.0374123352747539,0.00234160898606143,0.171267446009864
200817086,0.0374028655320277,0.00231456611710563,0.170893593682588
200817087,0.0377774016606557,0.00232486840546277,0.172725455253233
200817088,0.0375507942886752,0.0023405303740741,0.172246762184104
200817089,0.0375371477587517,0.00235791507942356,0.172401817285283
200817090,0.0378499260067022,0.00233729940513027,0.173926476422483
200817091,0.0375591301008011,0.00238702680564581,0.173038283354011
200817092,0.0374577346161668,0.00235070907830039,0.171567559859332
200817093,0.0374599021990333,0.00233171447130585,0.171805662453745
200817094,0.0378555727428117,0.00232757960620882,0.173690303586551
200817095,0.0374227948114196,0.00232421450105571,0.170809016796268
200917001,0.0375626998777665,0.00233196369470713,0.171980615617598
200917002,0.0375906425945378,0.00234469387599604,0.17324100298017
200917003,0.0375505576954321,0.00235628542631247,0.171433202703818
200917004,0.037440306914828,0.00234306840420564,0.170431682894715
200917005,0.037339863628252,0.00231568597245117,0.170522308503777
200917006,0.0375596449288637,0.00238979527294156,0.171303452336524
200917007,0.037262978904729,0.0023434144325848,0.169916643685729
200917008,0.0374851390761684,0.00231450329251612,0.171480443979682
200917009,0.0375393556999468,0.00232682328436814,0.171584591698213
200917010,0.0376943978905648,0.00232449832904744,0.172477691312089
200917011,0.0375718350667159,0.00235079584331912,0.172209071463499
200917012,0.0376935340310486,0.00236849928004276,0.171786194979378
200917013,0.037418494495872,0.0023561837520952,0.170726669916261
200917014,0.037273932066319,0.00234781193596988,0.169921772522415
200917015,0.0373172236642121,0.00234433540415529,0.171931269743537
200917016,0.0376333719695316,0.00236341009597676,0.17111652279207
200917017,0.0376753431269521,0.00234329865577545,0.171308139689433
200917018,0.0376447316795127,0.00234599381025335,0.171343536790989
200917019,0.0375172884147495,0.00234598444712965,0.170448150657143
200917020,0.0376841372412583,0.00237554845259535,0.171857778489536
200917021,0.0374779438069531,0.00232731780930337,0.171028442101878
200917022,0.0379536191205604,0.00236699086114263,0.173413616115105
200917023,0.037585777601942,0.00237043913104038,0.172202418026397
200917024,0.0374445071441607,0.00234392717695057,0.170708839283272
200917025,0.0373187240758511,0.0023194953796986,0.170144940000233
200917026,0.0374425820739582,0.00231606400865376,0.172245526232192
200917027,0.037434213894299,0.00233119212397653,0.171220652969802
200917028,0.0374900969155456,0.00233260067683961,0.171050676587601
200917029,0.0373559807262553,0.00232225096562607,0.17087068269246
200917030,0.0375455104337674,0.00234259448699669,0.171282642041974
200917031,0.0375023459263847,0.00232008050750807,0.170575833262747
200917032,0.0374189531367077,0.00234522847564301,0.169356938907301
200917033,0.0373380987021882,0.00233792823376636,0.169527808829004
200917034,0.0373554698022214,0.00231306052838203,0.170706621040756
200917035,0.0375756788385488,0.00237456073395074,0.170514406790598
200917036,0.0375003871403405,0.00231057468292259,0.170659697332338
200917037,0.0377713972461413,0.00235527112419427,0.17408525826265
200917038,0.0375225533088485,0.00233638779032715,0.17141159472569
200917039,0.0372396871232312,0.0023485344688626,0.170252731954759
200917043,0.0375753241500211,0.00233142850248275,0.172435344825507
200917044,0.0377577550811282,0.00233204432439984,0.174572066160637
200917045,0.0372745857351912,0.00233456697687978,0.170922296974532
200917046,0.0372374820961085,0.00233322129736437,0.170633953942718
200917047,0.0376800887626186,0.00234909850141614,0.171802490811589
200917048,0.0373597470112564,0.00232037163966516,0.171149418704969
200917049,0.0375135313920936,0.00232886979750718,0.171026603369329
200917050,0.0377675720755342,0.00234742725919618,0.173358705126958
200917051,0.037597525396159,0.00232455505737822,0.17160468876312
200917052,0.0376413206149027,0.00233870392421247,0.171869118068645
200917053,0.0376138566981096,0.00232919198503917,0.171654391242375
200917054,0.03744388747182,0.00234546126869074,0.17262320834759
200917055,0.0374729188583422,0.00235091461249108,0.170902588198459
200917056,0.0375154959409839,0.00231297966441273,0.170616324657264
200917057,0.0373014249820816,0.00234870208717865,0.169943289050978
200917058,0.0376717132948988,0.00231019950912977,0.174302179327692
200917059,0.0375349006604727,0.00232676373887527,0.171958272159661
200917060,0.0376163341814496,0.00232610270296841,0.171854266028772
200917061,0.0376561194550054,0.00234459885096803,0.171736949134431
200917062,0.037336555113843,0.00234972383383714,0.169754087509101
200917063,0.0375476601969516,0.00234543797903115,0.171407421170569
200917064,0.0378496343025288,0.00233726471200943,0.172669450326951
200917065,0.0373785863134735,0.00234180744129938,0.170679138416426
200917066,0.03750139878132,0.00234338696522393,0.170890070306095
200917067,0.037517652514215,0.00237127266060981,0.171605117474152
200917068,0.0374765951405117,0.00233911682678091,0.171527575415724
200917069,0.0374973078563873,0.00234050952270469,0.170772326081528
200917070,0.037370420354119,0.00231081919514448,0.170241446035342
200917071,0.0374790378875463,0.00233752889119113,0.171500573230158
200917072,0.0375733181480794,0.00234584819522441,0.171508838830558
200917073,0.0375881528168861,0.00232767531074561,0.17206306775979
200917074,0.0374723563104202,0.00234981697548929,0.170572657874857
201017001,0.0374661258750852,0.00235481696498308,0.170156308144284
201017002,0.037689553954436,0.00233102442245606,0.17165480728535
201017003,0.0374840935945759,0.0023586168295051,0.171388123637683
201017004,0.0374174299809361,0.00234662774467552,0.171955811206434
201017005,0.0376217692857065,0.00232383407207959,0.171346150424607
201017006,0.037506616828857,0.00233907727563491,0.171092846676767
201017007,0.0371832383192082,0.00234720475421943,0.169674264465853
201017008,0.0373232980233388,0.0023537724848701,0.170851909402848
201017009,0.0376116782006702,0.00232580655062074,0.171585911367567
201017010,0.0372532783723758,0.00232225040425278,0.170494676873872
201017011,0.0374047649294225,0.00233367600331977,0.170967992416957
201017012,0.0375418022812432,0.00234669041981561,0.171938449987993
201017013,0.037482869180458,0.002346700494977,0.171833784387706
201017014,0.0375420919607029,0.0023223202961783,0.171949742046704
201017015,0.0372504886242863,0.00232271848058456,0.169206205811957
201017016,0.0374250791055028,0.00233019571747419,0.170425188498921
201017017,0.0372223637435275,0.00232508714656679,0.170417663288375
201017018,0.0374303066629097,0.00234474982895496,0.171252702350495
201017019,0.0372373953819203,0.0023506651698581,0.170666143538799
201017020,0.0373783521560459,0.00234252855500726,0.171686593060733
201017021,0.0375719926517714,0.00232348571605366,0.17302731619818
201017022,0.0375533393857018,0.00233398599986795,0.171539114816314
201017023,0.0375099143762667,0.00233412919451255,0.171266467654008
201017024,0.0374960099969487,0.00231841810645773,0.171839422339351
201017025,0.038155468146806,0.00238912663919651,0.175707967549712
201017026,0.037786619712719,0.00235241145049058,0.172621195947422
201017027,0.0375484409892662,0.00233467268268215,0.170067319987009
201017028,0.0371088423791101,0.00234550831819663,0.169598215145005
201017029,0.0375781515737943,0.00231775715333775,0.172157487373315
201017030,0.0377928289615413,0.00239757051430791,0.173775672298347
201017031,0.0375677486021863,0.00235209785997254,0.172569155226851
201017032,0.0375329812532351,0.00233453493082582,0.171816580855969
201017033,0.037775657934682,0.00235153838086514,0.172925693142295
201017034,0.0372956070184818,0.00231397291652481,0.170541138206024
201017035,0.0372521514848893,0.00229545755788387,0.170156852610485
201017036,0.0376341404266874,0.00233087103622367,0.172651283440791
201017037,0.0376089967707185,0.00233541819933669,0.171572359417292
201017038,0.0378413826805085,0.00233433504583486,0.172828023605576
201017039,0.0374225819796705,0.00235124974829036,0.171179614819801
201017040,0.0377284236479607,0.00231295983054411,0.173460923056059
201017041,0.0375773105552623,0.00231943323303446,0.172550608892939
201017042,0.037541822860786,0.00230799478590137,0.172173664380591
201017043,0.0374421905268463,0.00236856383831965,0.171454982761787
201017046,0.0372666793680256,0.00232944846929432,0.170963739025905
201017047,0.0374320045209866,0.00230318066086822,0.171255740545814
201017048,0.0374335754602518,0.00232440862553182,0.172317249828815
201017049,0.0372667184089878,0.00232128566598405,0.170662753379003
201017050,0.0373873745679373,0.00232742814492469,0.170604618496871
201017051,0.0374458152746302,0.0023203560004306,0.17150326037954
201017052,0.0374054792664237,0.00229990841596399,0.171048346507815
201017053,0.0374422021548851,0.00233567927347218,0.170913346308967
201017054,0.0377891143016603,0.00235703397795405,0.173437580893408
201017057,0.0375189267972106,0.00236450491695262,0.170837543416549
201017058,0.0374920152357986,0.00233274425204751,0.172046891477862
201017059,0.0375825648184757,0.00236765542879528,0.170850166588399
201017060,0.0371908121891305,0.00229427739326411,0.170191458935913
201017061,0.0374687284355613,0.00229748965234081,0.172603624366483
201017063,0.0373605654009757,0.00230116656257914,0.171177743670017
201017064,0.0375024962532431,0.00234032593474876,0.171984744035098
201017065,0.0375164167763592,0.00230915281443827,0.1726713394364
201017066,0.0375843257847949,0.00232965216877993,0.172798153226994
201017067,0.0374609966810979,0.00232452863731288,0.172244171376141
201017068,0.0372818216692413,0.00232418884718336,0.17120045277004
201017069,0.0380257236869509,0.00236330809203104,0.174738928822798
201017070,0.0373449147882181,0.00233026464128784,0.17088370365194
201017071,0.0375990408214507,0.00232844992354942,0.171904739987039
201017072,0.0375168290871136,0.0023207029946119,0.170953237096273
201017073,0.0373887269996794,0.0023229184597839,0.172178351440169
201017074,0.0375857197438078,0.00235228311087588,0.172224218494514
201017075,0.0369302180524849,0.0023037960984066,0.168477172169163
201017076,0.0374022387772815,0.00232382895170095,0.171498750481198
201017077,0.0375209129225137,0.00235007313029437,0.171860148414637
201017078,0.037565150650011,0.00232198846816018,0.173346862070313
201017079,0.0375863352463055,0.00233341647222407,0.172129529015656
201017080,0.0373550463170776,0.00231823038546067,0.171494835452958
201017081,0.0375030431227637,0.00233652014630597,0.171660511952295
201017082,0.0375542390199542,0.00233741559183427,0.173112666744363
201017083,0.0375524480762759,0.00234619445698851,0.172540512305941
201017084,0.037509558254899,0.00232845077556964,0.171953724168246
201017085,0.0375393775055376,0.00233448187566943,0.173111376797723
201017086,0.0375554709549563,0.00234149526399565,0.1717178147909
201017087,0.0375241425152669,0.00233449285092023,0.171544701010355
201017088,0.037402158519629,0.00232515343491804,0.170704941499944
201017089,0.0374220192324293,0.00233101145547818,0.170833271639479
201017090,0.0372560212512454,0.00230141631949964,0.170491563549008
201017091,0.0373813272255456,0.00233340855047143,0.170656000126278
201017092,0.0372087291115252,0.00233062480773887,0.169744436999177
201117001,0.0374636921195074,0.00234873711352366,0.172000637393647
201117002,0.0372951008980943,0.00230523122506954,0.17150641847329
201117003,0.0374743880695393,0.00231519166951642,0.171721189994724
201117004,0.0373594487637391,0.0023207886001735,0.170602613216847
201117005,0.0378399163897113,0.00235404864903153,0.173501778642486
201117006,0.0377279481745811,0.00233109620929669,0.17266243177609
201117007,0.0372157625869803,0.00234298929724122,0.169814319942641
201117008,0.0375650923741943,0.00234238090793621,0.171540064173587
201117009,0.0372365677566466,0.0023178855303159,0.17169881029439
201117010,0.037681840539622,0.0023566000002084,0.171992979841012
201117011,0.0375674230982627,0.00235155230487603,0.172397941439523
201117012,0.0374345320995741,0.00233009364147857,0.172492778237704
201117013,0.0374839015832655,0.00232605606357315,0.171527099967125
201117014,0.0375825873602967,0.00235010919852168,0.172480870441944
201117015,0.0376398937175475,0.00233751184919329,0.172587384426414
201117016,0.0376075838821947,0.00234372165626448,0.172124736983077
201117017,0.0375562497422258,0.00231866329999822,0.17197146104652
201117018,0.0373930110162596,0.00233570474995247,0.171142544227971
201117019,0.0375710547559101,0.00233802610484213,0.172364819574514
201117020,0.0376937223343593,0.0023398775780847,0.172415602717957
201117021,0.0375255857615323,0.00232651814938278,0.171524677932303
201117022,0.037542668967062,0.00233891971345127,0.171389797701992
201117023,0.0378815237726437,0.0023193569185579,0.173281405558012
201117024,0.0374752906726488,0.00235665038017705,0.171190775686421
201117025,0.0375227552471653,0.00231778641979812,0.171765530628084
201117026,0.037576382762325,0.00235455497831549,0.172063304726563
201117027,0.037332404652094,0.00233255430877689,0.171225123551503
201117028,0.0373451111810065,0.00234459841464425,0.170530300079901
201117029,0.0375405523536222,0.00233285424280269,0.171471701190548
201117030,0.0372768627617016,0.00230658851267978,0.170967770902372
201117031,0.0375856822777354,0.00233543188387689,0.171657998515239
201117032,0.0376937367330632,0.00236074592579248,0.172075934645501
201117033,0.0376251682373591,0.00236878224901917,0.169998001363628
201117034,0.037543535204563,0.00233496110110985,0.172226623148193
201117035,0.0375848629101216,0.00234245595091807,0.171669107385799
201117036,0.0373924997551388,0.00231876303490642,0.171640020624051
201117037,0.037470894605167,0.00230308014385909,0.171338025724451
201117038,0.0373768731318969,0.00231844039436613,0.170803102290221
201117039,0.037468313328047,0.00232718842224945,0.171849621204794
201117041,0.0374489740321837,0.00232004818378518,0.172662100149027
201117042,0.0371748196506822,0.00229217773772572,0.170840995445588
201117043,0.0373314315219269,0.00232941240849937,0.170908817754052
201117044,0.037880492766902,0.00234245451036637,0.173530002827979
201117045,0.0372247854335972,0.00232916541960088,0.169686531923711
201117046,0.0374286266471382,0.00231448157471083,0.171337922325765
201117047,0.0375231813476092,0.0023197512067516,0.171554312695485
201117048,0.0375926787076435,0.00233467764368775,0.172071582121766
201117049,0.0373434523616026,0.00233757214531508,0.170772666593937
201117050,0.0372835303503077,0.00232724116961468,0.169843728344367
201117051,0.037441924602761,0.00232933913572805,0.171108514152358
201117052,0.0374519760487063,0.00232195631080466,0.171991111057747
201117053,0.0374095514944351,0.00233605514739984,0.170642713644338
201217001,0.0373845417515921,0.00235256379566113,0.170391358131339
201217002,0.037643890248413,0.00234884452099624,0.171979040055366
201217003,0.0374781756971368,0.00236757215721921,0.171386476017405
201217004,0.0376127718141094,0.00230508661338645,0.172914662544474
201217005,0.0376431241437063,0.00234633748909738,0.173011246194757
201217006,0.037464162333182,0.00232836316208518,0.170865522542017
201217007,0.0373907337338257,0.00237869562864211,0.17067109701808
201217008,0.0374074876168353,0.00232804597327165,0.170835180678817
201217009,0.0375329158108521,0.0023534709594755,0.171016465163835
201217010,0.0372561782236261,0.00231533555637878,0.171396174375001
201217011,0.0374088242919671,0.00234461275570205,0.171834474917214
201217012,0.0372977084841598,0.00233213725763046,0.170505502773041
201217013,0.0375408015201312,0.00233256334529123,0.17188492461958
201217014,0.0373264335975846,0.0023242584473763,0.170541609548856
201217015,0.0373978728917351,0.00231825433303832,0.170716111664196
201217016,0.0374831459810968,0.00234800008759471,0.171726012314057
201217017,0.0375634703309503,0.00236206381470316,0.171764091835047
201217018,0.0376544617126529,0.0023381450779751,0.172410850165741
201217019,0.0374023041214522,0.00233894036290557,0.170993435604831
201217020,0.037476372392295,0.00231869241951729,0.171647826305567
201217021,0.0374333633745752,0.0023357076581253,0.172087205479232
201217022,0.0375109394087419,0.00232839392316257,0.171658962951504
201217023,0.0374917735460774,0.00235525102739685,0.171244626964376
201217024,0.0379082238358318,0.00234976059240885,0.175618483572619
201217025,0.0374602612773976,0.00232312651110687,0.170709049752238
201217026,0.0376632560313986,0.00235402122768719,0.172897537845206
201217027,0.0375736058734513,0.00231075698907687,0.171025943638085
201217028,0.0375505460952278,0.00232479125231414,0.171889674520895
201217029,0.0376146720304505,0.00234551984703732,0.172451510762032
201217030,0.0374240556032001,0.00234795290423869,0.171007175917633
201217031,0.0373910416724666,0.0023213889213365,0.170837143217468
201217032,0.0373350849722856,0.00234965994522822,0.170435133123911
201217033,0.0378053657419305,0.00233133630592271,0.173440505039495
201217034,0.0374948408599811,0.00233937501030983,0.171201652607909
201217035,0.0375385102551945,0.00235335778995327,0.171802430045658
201217036,0.0377763551085597,0.00233222199713029,0.17270229895238
201217037,0.0375511756484387,0.00235861114847584,0.171685173413919
201217038,0.0374764694193091,0.0023342994696516,0.171220585962681
201217040,0.0375797547301038,0.00227979854755968,0.174803120540611
201217041,0.0372836144890589,0.00231632439383203,0.169647009132934
201217044,0.0378180099596398,0.002370476342504,0.172264035442824
201217046,0.0376077895368496,0.00234274988656257,0.172263656267736
201217047,0.0376143125263012,0.00231575522946741,0.17168270628326
201217048,0.0374474303500451,0.00231986938472418,0.171535859171956
201217049,0.0377744002872925,0.00236922664552174,0.172813663319821
201217050,0.0376486050102456,0.00234894709290722,0.172611438708844
201217051,0.0374687008461777,0.00231970482883037,0.171856756332025
201217052,0.037594786637746,0.00233629872728006,0.171937645864766
201217053,0.0373707998955977,0.00231681434012551,0.170576339719333
201217056,0.0374007773413942,0.00231081724465426,0.171131265967057
201217059,0.0373109344796107,0.00232111252560595,0.170216286428393
201217060,0.0377604852540665,0.00236503678537927,0.174110371466064
201217061,0.0373838310951648,0.00235100821764756,0.170194881337998
201317001,0.0372244652434866,0.00231640710861814,0.169265687677263
201317002,0.0375491899800176,0.0023150014137614,0.171347939398479
201317003,0.0378433559499346,0.00235207733483376,0.172456609077463
201317004,0.0378002920406652,0.00233839027243119,0.173683121796326
201317005,0.037627087397504,0.00235278161076093,0.172211716260298
201317006,0.037469361824073,0.00230011212970008,0.170872372324323
201317007,0.0375082847108108,0.00229040953734677,0.173003277685261
201317008,0.037457804233508,0.0023328323326107,0.172957609572235
201317009,0.0374575444966008,0.00235958137725373,0.171311371324503
201317010,0.0379227978478003,0.00238645986910762,0.174461125626497
201317011,0.0371254846532374,0.00229521737532198,0.170135795713665
201317012,0.0372929295402291,0.0023095146700675,0.171010892662385
201317013,0.0375865966632861,0.00234298141710012,0.171807804259976
201317014,0.0375825493096971,0.0023264290578428,0.17490992966646
201317015,0.0375392322529664,0.00232614029824104,0.171121800185618
201317016,0.0375798987139011,0.00230378221730343,0.172882170950532
201317017,0.0377347326845348,0.00233029958275287,0.172731686169737
201317018,0.0375537157704705,0.00230471437955015,0.17263625408402
201317019,0.0375803840985105,0.00236055447801772,0.170987129240168
201317020,0.0374927783586013,0.00234917259565602,0.170183262180799
201317021,0.0373758875544833,0.002329513358177,0.170850883274745
201317022,0.0375198260002849,0.00235635546857933,0.170520260075687
201317023,0.0375174587523391,0.00231952817686447,0.172435369441196
201317024,0.0378143584087686,0.00232659573516869,0.173580827102589
201317025,0.0374650922649222,0.00235535968935078,0.172164267371996
201317026,0.0374772261109922,0.0023203326371087,0.170604782889979
201317027,0.0372238070423433,0.0023540650999422,0.16958715403636
201317028,0.0375660954449067,0.00234808445075096,0.172221317866455
201317029,0.0375918142289791,0.00232311578534406,0.172337144195258
201317030,0.0375833767934651,0.00234521424704258,0.172900953170833
201317031,0.0373662743107877,0.00234668109251448,0.170192773021281
201317032,0.0377643899040864,0.0023479157233011,0.172801438667665
201317033,0.0379071989197202,0.00237237211148364,0.174028230189781
201317034,0.0376213432358554,0.00236402251116419,0.173052099083469
201317037,0.037472665074548,0.00233583432624114,0.172159368029367
201317038,0.0373880091855172,0.00232959681238439,0.171459583023571
201317039,0.0378310700048594,0.0023780801839592,0.172620527500187
201317040,0.0374392839442326,0.00236302604571438,0.171471444307976
201317041,0.037581175294019,0.00234778022918282,0.170570535676874
201317042,0.0377223385640991,0.00235363411526703,0.172904816988212
201317043,0.0373310591109454,0.00231177729905097,0.171717936736142
201317044,0.0375324465974655,0.00233491876764965,0.172086414630705
201317045,0.0375133558289349,0.00231356839524492,0.170637886406816
201317046,0.0377019055107643,0.00232421701380198,0.172571859170085
201317049,0.0375996910218159,0.00234771119082088,0.172075929330108
201317050,0.0375081989082642,0.00236392815863702,0.171046923374319
201317052,0.0375357910710146,0.0023246716789101,0.171102823901948
201317054,0.037584844917158,0.00233394906948663,0.172091055843
201317055,0.0371417410090409,0.00231874175241913,0.170100406299504
201317058,0.03747544738809,0.00233527094329267,0.172799696478315
201317059,0.0375443529526582,0.00230877275206065,0.172342794603995
201317060,0.0376800731497265,0.00233222758931479,0.17307491628965
201317062,0.0376839358581418,0.002342506934243,0.173145962820875
201317063,0.0373577678333402,0.00234276687071739,0.17207830306495
201317064,0.0377264166387596,0.00235991988913584,0.171933637742012
201317065,0.0379386173322607,0.00233426044830968,0.174867291537186
201317066,0.0372767759513691,0.00230489446143365,0.170227423746479
201317067,0.0375066643551581,0.00231209969755746,0.173000996050037
201317068,0.0375902212628914,0.00233005337815911,0.172060925268043
201317069,0.0377111851175822,0.00232912537854896,0.173442033801936
201317070,0.0374970920802226,0.00231712424098961,0.173264577693421
201317071,0.0377106823964352,0.00233351551496055,0.172875681629462
201317072,0.0375451189664207,0.00235964318408347,0.171703530764901
201317073,0.037181743241493,0.00232123860314006,0.168925430511266
201317074,0.037534579856933,0.00234843037308382,0.173918066956956
201317075,0.0374580532702172,0.00234765253319883,0.171441730159221
201317076,0.0376505197718352,0.00235055541765671,0.174429245225341
201317077,0.0378994129426358,0.00236029329917563,0.174093217800005
201317078,0.0374220230321508,0.00234787986678735,0.171521906989743
201317079,0.0373355335070299,0.00235094082577312,0.170671017514114
201317080,0.0377072069751109,0.00232385232137048,0.172828985165292
201317081,0.0374803351679117,0.00235831799173496,0.171055576035704
201317084,0.0372709073419456,0.00229892732060746,0.170037766544958
201317085,0.0375056538261577,0.00232419830173006,0.172486097546527
201317086,0.0374352722171378,0.00234811013957925,0.170240541495713
201317087,0.0372738504429876,0.00234522730670887,0.170660102299645
201317088,0.037325065562155,0.00233706512693748,0.170942762347227
201317089,0.0373823101144753,0.00234990498816696,0.169714132686315
201317090,0.0376838162317973,0.00233843841132783,0.172824650332727
201317091,0.0374637803090392,0.00234897535625327,0.172203870950249
201317092,0.0373474110949468,0.00233020652018403,0.170925224766837
201317093,0.037903219507497,0.00236903597954615,0.173499405551589
201317094,0.0375227392460089,0.00234164545181802,0.17244722279108
201317095,0.0376553339113712,0.00233669735873828,0.172468591819358
201317096,0.0375593137558773,0.00236611384358933,0.172069641377231
201317100,0.0375811104965907,0.00235722767551219,0.171524088133474
201417001,0.0376032393365667,0.0023461914344476,0.17086716414608
201417002,0.0374599753564038,0.00232374986117706,0.17150220240373
201417003,0.0374008817643006,0.0023558299821693,0.171690949398684
201417004,0.0376806650037266,0.00234312059778274,0.172484981862632
201417005,0.037417216074138,0.00231908909841505,0.171765908465244
201417006,0.0372938958573612,0.00231319306978732,0.170455146562807
201417007,0.0372100040364478,0.00232765147321641,0.169845170102493
201417008,0.0377060650896911,0.00234968640885439,0.172529942808922
201417009,0.0375129246004402,0.00234066929595032,0.172621872101914
201417010,0.0376467784033424,0.00234598345298741,0.172965267743598
201417011,0.0375226786699629,0.00232609108815685,0.171937249229518
201417012,0.0373101105535747,0.00231452571147362,0.170373605525729
201417013,0.0376169019619199,0.00234466293487718,0.170702847277168
201417014,0.0373927554672009,0.00235221761002639,0.170387629914075
201417015,0.0375218680082502,0.00231689098383978,0.172234230483672
201417016,0.0375228295962996,0.00232477264347901,0.170704417573078
201417017,0.0376146144526768,0.00234327360288841,0.172334050299538
201417018,0.0375204528128184,0.00233808614700964,0.171312529616548
201417019,0.0376845851106276,0.0023562222499489,0.173881350052893
201417020,0.0373454899113297,0.0023488518889643,0.17158634341564
201417021,0.0376578266375457,0.00234345994562192,0.172705376044092
201417022,0.0376279758374428,0.00233779379119354,0.172429208222128
201417023,0.0375086702876159,0.00236133232950994,0.170789720805041
201417024,0.0375981301385839,0.00232501084198876,0.171992054290689
201417025,0.0375008746713274,0.00234798957877691,0.172345204350726
201417026,0.0375783327333638,0.00238038057158901,0.171050031893443
201417027,0.0375519729304392,0.00233570241805367,0.172613242653625
201417028,0.0376058017964508,0.002370163730997,0.172153748867528
201417029,0.0373763306209765,0.00233823809535577,0.170896049751393
201417030,0.0379374494673557,0.00234599689637323,0.17368312844484
201417031,0.0376906124192597,0.00233114850606452,0.172045893210929
201417032,0.0379151266899786,0.00240477017971571,0.174700048862587
201417033,0.0375883577423813,0.00235183586536508,0.172414675912284
201417034,0.0373973609772131,0.00236640492954749,0.170218593342157
201417035,0.0378380767516569,0.00234712969422693,0.173441329227789
201417036,0.0376723339012115,0.00235052192581662,0.172233636780328
201417037,0.0374694334744298,0.002361393786076,0.170992824155972
201417038,0.0373425969860281,0.00233371665201265,0.170970314672337
201417039,0.0375470806731907,0.0023426153386484,0.170168681857615
201417040,0.037453629061194,0.00233671014495959,0.171151590796697
201417041,0.037664946748226,0.00234868827467747,0.172539048524894
201417042,0.0372405473818528,0.00234585727032457,0.169799734828897
201417043,0.037252376814898,0.0023544251188473,0.170010342162551
201417044,0.0375788620432518,0.00234455108525798,0.172442950512778
201417045,0.0374455458911564,0.00234115497833535,0.17199291562219
201417046,0.0375173306836379,0.00235550648274058,0.170657933965483
201417047,0.0374791351504788,0.00238074498382704,0.172829788385317
201417048,0.0373036159029112,0.0023227602536505,0.170129783435331
201417049,0.0378051280853548,0.00233127289356712,0.172255108053389
201417050,0.037588820701247,0.00233945256615724,0.173776599722241
201417051,0.0376534006062868,0.00237376316195136,0.172829933272764
201417052,0.0373920608222977,0.00232588796099109,0.171077172788035
201417053,0.0374852445350802,0.00232249651918043,0.171797415391757
201417054,0.037657406584183,0.00231638640800131,0.173028807583507
201417055,0.0375182034588471,0.00233755619015276,0.171777198030371
201417056,0.0377422816120239,0.00234422117027459,0.173155670991265
201417057,0.0373067614855074,0.00232816210312062,0.169847891663891
201417058,0.0375037364024114,0.00235346405257556,0.172682067342875
201417059,0.0374743464741748,0.00233617157747555,0.171830206116752
201417060,0.0377842709619325,0.00234922495724993,0.175175386159624
201417061,0.0374404102719026,0.00230830672045324,0.171032623459381
201417062,0.0374509982395749,0.00235038464031008,0.170542514413637
201417063,0.0375523529646294,0.00236841171204912,0.172579893057847
201417064,0.0375049837616002,0.00234946860668199,0.172166206568976
201417065,0.037322714336176,0.00232241262353301,0.170052383504965
201417066,0.0374805225230037,0.00234005125775428,0.171683821208317
201417067,0.0374791861121091,0.00233542292133675,0.171804131746969
201417068,0.0375365375544513,0.00233632178022119,0.17167765927173
201417069,0.0376677007444468,0.00232809320821017,0.171725225395789
201417070,0.0372938016548627,0.00234580603034226,0.168015483303585
201417071,0.0377643865086268,0.00233551824341114,0.173307162971156
201417072,0.0373658620778542,0.0023895061013969,0.170633112188332
201417073,0.0375491510333746,0.00235206145215257,0.172129070708189
201417074,0.0373474899484474,0.00233290736526846,0.171740110262481
201417075,0.0372288679159775,0.0023077126742907,0.170665086516643
201417076,0.0378320001491002,0.00235970487574336,0.172169676378017
201417077,0.0374227470121454,0.00237290410591527,0.170395970341349
201417078,0.0377117708715512,0.00235435551270004,0.172494876301674
201417079,0.0376885074244724,0.00234920085003772,0.172497851049021
201417080,0.037445663551658,0.00235899906174154,0.171419474167701
201417081,0.0374646522547481,0.00233786275565712,0.171696089312335
201417082,0.0376283986915198,0.00234335938930367,0.172467335741184
201417083,0.0375668665468877,0.00236206183058108,0.171726619427949
201417084,0.0376918499358739,0.00234656275594595,0.172749208495921
201417085,0.0375963325628583,0.00233150240144915,0.171741274740828
201417086,0.0377795602743275,0.00235119476816832,0.173582266174178
201417087,0.0377253642733284,0.00235557965425742,0.173368686685165
201417088,0.0373860640494381,0.00229590802477605,0.170892801188527
201417089,0.0376489320177865,0.00234848376516113,0.171118771501368
201417090,0.0377340081516301,0.00233023171816886,0.173338517638731
201517001,0.0374119073205501,0.00234288372647171,0.171827082249512
201517002,0.0373405030601936,0.00230980557692857,0.169699980791946
201517003,0.0374848530144066,0.00233663596671391,0.171459947112203
201517004,0.0373921013722626,0.00232346088544876,0.170483991252749
201517005,0.0376376962176805,0.00232244708220579,0.172064864754654
201517006,0.0374356732714094,0.00233986164213545,0.171615957776532
201517007,0.0375890176761623,0.00233006165106017,0.171927693293084
201517008,0.0373600635407746,0.00235912501899192,0.171562001462631
201517009,0.0372357513338085,0.00233058990548182,0.170017520359177
201517010,0.0376059551196009,0.00236682668168775,0.172741000006233
201517011,0.0371743898989577,0.00235875038084905,0.170077748097156
201517012,0.0371988982361127,0.0023524153530226,0.169682112770897
201517013,0.037304381197247,0.00232246096912379,0.170630055589218
201517014,0.0372889131095964,0.00230409963380301,0.170363584259086
201517015,0.0374389294219915,0.00231472236951733,0.171689228097094
201517016,0.0373875825396896,0.00229064266586072,0.171602613684622
201517017,0.0375517297274618,0.00235164100145668,0.171164803477754
201517018,0.0375571431806872,0.00237722148971577,0.171925152393838
201517019,0.0374127473601455,0.00234023196917837,0.172492863053754
201517020,0.0372188091723824,0.00232718383331342,0.170543727859765
201517021,0.0373716554762644,0.00234155637362228,0.170527978226028
201517022,0.0377029511991679,0.00235152178359473,0.171473402714479
201517023,0.0374908247543229,0.00233936577805393,0.171103290401618
201517024,0.0374461337406446,0.00233195006527065,0.171778274155654
201517025,0.0374538551790313,0.0023172745934008,0.172036184798473
201517026,0.0373831738147775,0.00234094699595938,0.171033265960221
201517027,0.0375146579571368,0.00232858606701293,0.171926511530607
201517028,0.0375748172284924,0.00233270644793886,0.171946660318612
201517029,0.0376362974404697,0.00234731915409116,0.172536375407034
201517030,0.0376150218641404,0.00234526800617341,0.172513762250013
201517031,0.0376559216870235,0.00232940992252571,0.172930217783818
201517032,0.0375676648023124,0.00233135792959478,0.172039715258257
201517033,0.0376028448196653,0.00230429707782759,0.173731277481472
201517034,0.0374773577848295,0.00235060782246533,0.171818325618247
201517035,0.0376823049922209,0.00231704923305546,0.173397693789528
201517036,0.0374851226611342,0.00233810301311483,0.17158467801879
201517037,0.0376728655990303,0.0023207546145752,0.172153636674804
201517038,0.0375193172153762,0.0023309739097668,0.17329190870463
201517039,0.0374252077606564,0.00233441755776886,0.171732686623851
201517040,0.0373595338968501,0.00232994054107358,0.170243469898297
201517041,0.0376359216297902,0.00234699421847518,0.171784251740908
201517042,0.0375194439920718,0.0023388379528575,0.171536668690087
201517043,0.0375462109801427,0.00233584596016815,0.170955470555316
201517044,0.0374485917374878,0.00232813527014926,0.171652517579231
201517045,0.037524806944157,0.00234774993365889,0.171673402227395
201517046,0.0375723912302047,0.00232133488241635,0.171381381516482
201517047,0.0374228980194294,0.00233492996790244,0.171428847476076
201517048,0.0374394941568369,0.00232993982260336,0.171299133090178
201517049,0.0375401078572056,0.00234130515002816,0.171787979119895
201517050,0.0376874455197948,0.00231359888153783,0.173240269455253
201517051,0.0374261658457936,0.00234778997604686,0.171287423861078
201517052,0.0374088893756288,0.00232362298386832,0.171301876816712
201517053,0.037646551980001,0.00235436615538004,0.171712484714796
201517054,0.037468215268594,0.00234129611685122,0.171179613948965
201517055,0.0376219041465963,0.00233235539300001,0.17292513223894
201517056,0.0377463468972921,0.00233626972453489,0.17269423876228
201517057,0.0373678294674668,0.00231921138295867,0.1716125710395
201517058,0.0376270998180292,0.00234651643823937,0.172413381847177
201517059,0.0376036173461782,0.0023422549491785,0.17237791140539
201517060,0.0374814144268186,0.00235136461157216,0.171791997741113
201517061,0.0375610577728128,0.00233479729786201,0.171945155204225
201517062,0.0374762952721001,0.00233861142160279,0.170770529790972
201517063,0.0374730599042354,0.00235079183896662,0.171650998608202
201517064,0.0373519171898144,0.00233130538760788,0.170816585487172
201517065,0.037661965946236,0.00233847752109362,0.171750028766056
201517066,0.0374776456161078,0.00236142618745899,0.171891564366269
201517067,0.0375585606001951,0.00232830246661944,0.171959181567905
201517068,0.037593113763161,0.00237041853083259,0.1718768705797
201517069,0.0373909323262895,0.00234847507925642,0.168644847757925
201517070,0.0375779465964533,0.00231525592777766,0.170683124299366
201517071,0.0374357504923812,0.00231429924846063,0.170729955252458
201517072,0.0373427212022186,0.0023269372246344,0.170318115312689
201517073,0.0374886943326857,0.00232918698599424,0.171034528236649
201517074,0.0376026038280355,0.002348806872418,0.172052813771787
201517075,0.0375217111350801,0.00234980179911745,0.171969430999264
201517076,0.0375884362115413,0.00232703508156386,0.17168997731616
201517077,0.0374284679645882,0.00235070081069609,0.171745816806201
201517078,0.0373950892809548,0.00232859562301557,0.171105215354313
201517079,0.0375027481175882,0.00233453931148456,0.171825669695799
201517080,0.0372943561096559,0.0023364801164918,0.171093343907577
201517081,0.0374935901584517,0.00235616775527762,0.171047806199143
201517082,0.0375815229294529,0.00233656015676617,0.171150773875256
201517083,0.0377714928469737,0.00235937786183804,0.171723623098326
201517084,0.0374532441621005,0.00233664758122469,0.170752421654094
201517085,0.0376211273810913,0.00234924682880639,0.171915900340324
201517086,0.0373714901331761,0.0023342738959692,0.170736097679471
201517087,0.0376311199145365,0.00234424451028177,0.171800358494902
201517088,0.0372609500692192,0.00237405830261775,0.172553799504016
201617001,0.0375356933283397,0.00232986398502578,0.171678543822109
201617002,0.0374768313902953,0.00229828538898484,0.172784462165376
201617003,0.037575997874997,0.00235336524881473,0.171837672419661
201617004,0.0374159510526591,0.00235553163239253,0.170708817719023
201617005,0.037411569989591,0.00232685385728126,0.171107576093478
201617006,0.0377001889327155,0.00234177823537038,0.17368748450643
201617007,0.0374549463851232,0.00233239968123645,0.171759775780524
201617008,0.0376674694490857,0.00235703306713289,0.1717702118241
201617009,0.0372860912172113,0.00233302158447951,0.169857633190608
201617010,0.0372808821626744,0.0023390510874878,0.17116860736381
201617011,0.0377565632691381,0.00235214416007453,0.173104379932476
201617012,0.037541732712497,0.00233840514689721,0.170652952284666
201617013,0.0376415209844786,0.00234440726222354,0.172278365802109
201617014,0.0375155680703822,0.00233463116025826,0.171552811516199
201617015,0.0374329709129916,0.00233382329766709,0.171613154817424
201617016,0.0374380015810671,0.00233264225846921,0.172923177228124
201617017,0.0372010990373839,0.00232209206996577,0.170641665865433
201617018,0.0375185937995601,0.00232581000631637,0.17288485287427
201617019,0.0376119050688408,0.00234100609079346,0.172453483691941
201617020,0.0378565538823745,0.00232949635800873,0.173551963282101
201617021,0.0374382822149474,0.00236292157199763,0.170843005298561
201617022,0.0376343733433328,0.00234275016646718,0.172748195314762
201617023,0.0374453385866317,0.00232422428878757,0.171397055457837
201617024,0.0375845840283972,0.00232788430336021,0.173089264274244
201617025,0.037616937371433,0.00233061475827065,0.171755798228595
201617026,0.0374555532654165,0.00230322698683447,0.171126345747484
201617027,0.0378118939116831,0.00236215854517755,0.173972236676486
201617028,0.0373746936873844,0.00232186859655288,0.171734502615308
201617029,0.0376060167119266,0.00234126195727856,0.170785289303943
201617030,0.037522518335115,0.00230186734392119,0.171600299788096
201617031,0.0373766564412068,0.00230185731348242,0.171706650327571
201617032,0.0377206629761069,0.00234122255400271,0.172666186467973
201617033,0.0374492345231019,0.00234338849055285,0.171449749236074
201617034,0.0374939699558825,0.00234452743519442,0.171190211163145
201617035,0.0373781718227968,0.00231855784886578,0.17096025669075
201617036,0.0374303231029129,0.00230907185689307,0.170782799990502
201617037,0.0374764707308943,0.00236506649248601,0.171202954620608
201617038,0.0375878397393567,0.00234578035840886,0.171859901671171
201617039,0.037948603886821,0.00233680355459854,0.175011800721565
201617040,0.0372407458835946,0.00231008361523897,0.168778551291296
201617041,0.0376506381367566,0.00232315057955796,0.171832053414374
201617042,0.0373685318330553,0.00232677061894831,0.169874504957828
201617043,0.0375733233488565,0.00233174400762608,0.171855201790879
201617044,0.0374514139289161,0.00235297371529908,0.170698487333077
201617045,0.0374676227139348,0.00233358394140093,0.172389306350537
201617046,0.0377425353769251,0.00236011812749864,0.172700745740965
201617047,0.0370381157117833,0.002318029839638,0.169840169941806
201617048,0.0375293889535884,0.002335378304066,0.171218654097702
201617049,0.0376211419950439,0.00233533291740006,0.171557050685507
201617050,0.037466690466842,0.00235254226800489,0.17206367763172
201617051,0.0375017754894428,0.00233852135398959,0.171637195126973
201617052,0.0374812771714248,0.00232760097728921,0.171434396659451
201617053,0.0375071418053375,0.0023644300911217,0.169359200330242
201617054,0.037496426925677,0.00232818389193695,0.171380046521049
201617055,0.0375763307308289,0.00235617929943557,0.172471628203402
201617056,0.0375887006918249,0.00235655942652421,0.171717682054042
201617057,0.0374957981919856,0.00233614838734601,0.171477450983155
201617058,0.0374884167311741,0.00231045259372645,0.172040058776845
201617059,0.0377722772193732,0.00232894650205833,0.17258261278565
201617060,0.0374792650796933,0.0023161861975457,0.171808032704765
201617061,0.0376118640074114,0.00234344232211659,0.171667270479144
201617062,0.0375035523194587,0.00235197664166595,0.171868846652782
201617063,0.0374030905790009,0.00231269413315588,0.172042770491701
201617064,0.0376600254363001,0.00234565314979896,0.172791724417602
201617065,0.0374309218671668,0.00232858240865417,0.171592000580879
201617066,0.037455076655733,0.00231117035333494,0.171553507713622
201617067,0.037515524679855,0.00235417891616782,0.171887734298626
201617068,0.0378433045136262,0.00234226353683846,0.174737250559092
201617069,0.0377900989120132,0.00233311628928811,0.173873644525834
201617070,0.0375932836562399,0.00232655002646244,0.172290927442558
201617071,0.0375410701112697,0.00233710762017165,0.171622005972541
201617072,0.0375930237694873,0.00229766674450331,0.173217475886402
201617073,0.0372974809376704,0.00232778273695339,0.169929209428744
201617074,0.0371916639103511,0.00228939445665704,0.170044781971619
201617075,0.0375614091602039,0.00233542687409183,0.171043294506889
201617076,0.0376106634586194,0.00233016634191376,0.1723023115722
201617077,0.0374726649334563,0.00233654143145722,0.171971891023924
201617078,0.0379954281332271,0.00231257203534314,0.175035527231919
201617079,0.0377921587715309,0.00235628235232826,0.173254405878027
201617080,0.0376802281397501,0.00237367782508814,0.172558014861698
201617081,0.0371005027043848,0.0023144896195629,0.169272129468872
201617082,0.0378152521890239,0.0023378939600987,0.173690873988248
201617083,0.0374667389801366,0.00236642923065577,0.171937323461108
201617084,0.0373169385352189,0.0023483145310946,0.169221135481697
201617085,0.0374889955205025,0.00232240146963516,0.170299347589536
201617086,0.0376229740889365,0.00235164778071021,0.172968432442089
201617087,0.0375931716769138,0.00233939607179089,0.171831116735389
201617088,0.037103053136511,0.00233624842446777,0.169326445081447
201617089,0.0375650006608388,0.00232219931504965,0.171478843156928
201617090,0.0373713195968843,0.00234068747512494,0.1705993378696
201617091,0.0376261681494858,0.0023460572735644,0.171704531832845
201617092,0.0375770313427715,0.00235151272692578,0.172969188981599
201617093,0.0372824463648403,0.00231447603318922,0.170719883208312
201617094,0.0375190618446432,0.00233357288520606,0.170997566831244
201617095,0.0376564027597493,0.0023577743858243,0.173272554069637
201617096,0.0373075856883318,0.00232456641382874,0.170538800406432
201617097,0.0376193082727761,0.00234846804310087,0.17215819170503
201617098,0.0376136296821398,0.00236312560181682,0.172496037998768
201617101,0.0376021246792926,0.00234436798772236,0.172072349691036
201617102,0.0376471833620344,0.00231847129730103,0.170860883897736
201617103,0.0376401306620082,0.00235955318554348,0.172328862555355
201617104,0.0377303309349236,0.00235449133120272,0.172795338787329
201617105,0.0373674758827923,0.00235002108269801,0.170457934729097
201617106,0.037490512374016,0.00231675955206058,0.172373671957461
201617107,0.0373949991790625,0.00230491142833732,0.171289990181346
201617108,0.0375351156828279,0.0023552874253694,0.171251624869077
201617109,0.0373084767790057,0.00233423454450103,0.170445449565262
201617110,0.0376158899617048,0.00233964114457853,0.173079623507795
201717001,0.0375271723266472,0.00236906279548295,0.170087780655597
201717002,0.0374903953756026,0.00234565147367989,0.172366940241216
201717003,0.0372264710440073,0.00231754422508768,0.171563132916696
201717004,0.0375813309001048,0.00230745371816216,0.172025289934769
201717005,0.03740533361646,0.00234709496802724,0.171122181220648
201717006,0.0371333542143033,0.00231317578280556,0.17002387862998
201717007,0.0375188521121518,0.00231737685733252,0.172995400903012
201717008,0.037739268180711,0.00235439810163942,0.172431446869503
201717009,0.0374203688764865,0.00229307888899424,0.170984690751441
201717010,0.0372667021102885,0.0023083212683659,0.168911705240484
201717011,0.0373307657498284,0.00234146437672994,0.170278335517363
201717012,0.0373594456020841,0.00234831423321417,0.168824937604498
201717013,0.0376375112137419,0.00234239808998937,0.173303863971089
201717014,0.0373654625649522,0.00236077361975161,0.17092146474134
201717015,0.0375321720289626,0.00231424352166283,0.171281531261596
201717016,0.03746345468269,0.00230973329540635,0.172606763011968
201717017,0.0373300687906604,0.00232173294475283,0.170853562899823
201717018,0.0375094435456892,0.002342128418149,0.171880187784259
201717020,0.0374203077301984,0.00232790871841441,0.171756837265355
201717021,0.0376884647715781,0.00234794517589817,0.173269832155937
201717022,0.0375752420340239,0.00234933710232693,0.171715779096127
201717023,0.0376199236181087,0.00236538549854787,0.172698831510224
201717024,0.037868811898207,0.00234038114013159,0.173717226680929
201717025,0.0375646326971409,0.00236301877056341,0.172349488980446
201717027,0.0374006456902129,0.00231562955255159,0.171695182254208
201717029,0.0375188791384686,0.00233287965736327,0.171862842089886
201717030,0.0373467721900351,0.00233838941304632,0.16996801376306
201717031,0.0374865555925176,0.00232471178099767,0.171826740582812
201717032,0.0376330885085,0.00232025871547177,0.171938906328098
201717033,0.0373142312769847,0.00231927418768288,0.170490420840071
201717035,0.0374278739377922,0.00234100658316964,0.171167663586572
201717036,0.0376438526168964,0.00237167935461888,0.170822885581268
201717038,0.0377479413727097,0.00237540005628186,0.173256652584828
201717039,0.0376173798650764,0.00235073259188393,0.172633475701804
201717040,0.0377034220249057,0.00235011913352496,0.17384072407445
201717042,0.0373841626728851,0.00231665803511845,0.172372612451611
201717043,0.0374696664910153,0.00232287759691685,0.17150923998633
201717045,0.0375706080441636,0.00235250465262643,0.171967189956072
201717046,0.0375416269209473,0.00234048454128627,0.172592931964752
201717049,0.0373993978231641,0.00231749725593229,0.171719782060687
201717050,0.0374093753480804,0.00234058005679157,0.17210323584856
201717051,0.0374321293554199,0.00232096352448852,0.171617820875297
201717053,0.0373881903574163,0.00234623677245388,0.171246030039394
201717054,0.0376636923944992,0.00235754978549077,0.17321211925461
201717056,0.0373882205399784,0.00233658901005839,0.171153344317446
201717057,0.037665448868148,0.00234805086231431,0.172410304874692
201717061,0.0378390202661426,0.00233594401197608,0.173700000417594
201717063,0.0379272895103221,0.00231528121211073,0.173637319021833
201717065,0.0375297507222922,0.00234192245350938,0.171483893292748
201717066,0.0373943655357541,0.00234207843857933,0.170759427874355
201717067,0.0375732449828625,0.00231519070183844,0.173269703817779
201717069,0.0374035648051304,0.00230511151511683,0.170234188632204
201717070,0.0375279405427744,0.00234315324034799,0.171064647792096
201717074,0.0376638123187312,0.00234162921900575,0.173054518022318
201717075,0.0374513434273943,0.0023253956104423,0.171374386994202
201717076,0.0375833744975552,0.0023466163475865,0.172845344600996
201717078,0.0373351675931079,0.00232690672822424,0.170792794353463
201717079,0.0375260308053005,0.0023403801094257,0.17300257915856
201717080,0.0373347719711992,0.00233768002051955,0.171098220548462
201717081,0.0376729475110274,0.00239571996571268,0.17189659341217
201717083,0.0375983984121597,0.00233741639196156,0.171841975184505
201717084,0.0373867060808578,0.00232162858986732,0.171049509293804
201717086,0.03758600278121,0.00234653722190787,0.170691748286359
201717087,0.0373298119381318,0.00233081364874793,0.169985035121655
201717089,0.0372687664461395,0.00233470661792082,0.169772101517392
201717090,0.0375035625491971,0.0023405620808995,0.171575937700175
201717095,0.0374414170896808,0.00232679277143608,0.171171010587211
201717096,0.0372756686229158,0.00232680332401815,0.170250184870467
201717101,0.0376421500460029,0.00233165952718617,0.171604712559894
201717102,0.0373919191161009,0.00231067288774216,0.171295972088626
201717103,0.0375058913792145,0.00234781772797812,0.171195362048339
201717105,0.0374722762545104,0.00235049553133443,0.171541877726861
201717106,0.0374163884389894,0.0023268490064108,0.171763655263318
201717107,0.037572163915845,0.00234104821205563,0.171300023211022
201717109,0.0374183576311177,0.00231707710808929,0.170437557730983
201717111,0.0375753016051221,0.00235377706759752,0.172156643533793
201717112,0.0375195728803909,0.00232348591190663,0.172522282576303
201717113,0.0372817240277881,0.00231109874522712,0.171370629164283
201717114,0.0376733509028634,0.00235912691769792,0.172137314833718
201717115,0.037517401304783,0.00233872044201598,0.172932844350343
201717116,0.0377374555777932,0.00237076292137192,0.172709177184707
201717117,0.0375072678958102,0.00234873003447189,0.172269706210271
201817001,0.0374504104854754,0.00236235621389024,0.171397599783875
201817002,0.0376976306614346,0.00234744821077615,0.172304409110684
201817003,0.0373620070575198,0.0023153835302914,0.171155787419295
201817004,0.0375625694631682,0.00233731705821657,0.172155083358584
201817006,0.0374633270384026,0.00235849900631447,0.171245085742229
201817007,0.0374797378168945,0.00235798156079535,0.171121653056416
201817010,0.0373849926524874,0.00232351435989458,0.17001246977135
201817011,0.0376742746558364,0.00236317462813741,0.172148047862289
201817013,0.0374482320378063,0.00233060411487476,0.171213822343979
201817014,0.0375097405048877,0.00235223937252064,0.170565764485603
201817016,0.0375584700496147,0.00234372351470278,0.171806051839663
201817017,0.0374994932001854,0.00234608717950525,0.171875284774737
201817019,0.0376278649886215,0.00233266882040983,0.172023797150854
201817020,0.0376608094162973,0.00233960607827532,0.172631525522785
201817021,0.0373217218473834,0.00235626849235966,0.170255121052212
201817023,0.0376510644157532,0.00233921055075615,0.173623400412578
201817025,0.0374853994216208,0.0023197928497211,0.172239545552378
201817027,0.0374754358681873,0.00234352346664815,0.171295357662446
201817028,0.0377450425378654,0.00233551241759648,0.171958225945076
201817031,0.0374143283587636,0.00233596953359046,0.172216869441134
201817032,0.0374988769806565,0.00234059088078208,0.172590916523871
201817033,0.0375977063443818,0.00231527887937538,0.173794171440264
201817036,0.0374678341999215,0.00233221021911851,0.171384258562248
201817037,0.0374749856701243,0.00234067337989241,0.171833637993677
201817038,0.0376222251974684,0.00237634392394349,0.170795777181194
201817039,0.03752792411261,0.00232418516724968,0.171806784543994
201817041,0.037385733234176,0.0023268860864309,0.170492102227119
201817042,0.0376411016624629,0.00237555037552281,0.1736822858825
201817044,0.0375685797984273,0.00234314026217897,0.172041679194129
201817045,0.0375113666092242,0.00234891028686737,0.170673257310016
201817047,0.037571894663387,0.00233852993298838,0.171702476452187
201817048,0.0374850952308966,0.00232515307076865,0.171662769746733
201817050,0.0374469992891,0.00233005094408107,0.171501746454618
201817051,0.0376563629852405,0.00234143949836298,0.171911920974883
201817052,0.0374858033773024,0.00234540537097051,0.171436687002354
201817053,0.0374430808121176,0.00232887489688849,0.172150054955323
201817055,0.0375657915907696,0.0023338817369742,0.172856743365583
201817056,0.0375674836625919,0.00233287732940149,0.172648316797261
201817058,0.0375212117405293,0.00237473250183173,0.17135027388078
201817059,0.0376627985258145,0.00232874980646142,0.171751871655846
201817060,0.0377105047657317,0.00236675751367491,0.17214080554936
201817061,0.0375664290022149,0.00233620916563062,0.172318602715365
201817063,0.0375799159486752,0.00233536962426318,0.171410742594945
201817064,0.0372660854734321,0.00234187547981473,0.169887884749168
201817067,0.0376257710464879,0.00233296581043392,0.17318380467817
201817068,0.037191253786254,0.00230047213285484,0.169693842984947
201817069,0.0373872257780599,0.00233072387367627,0.170925659383871
201817070,0.0375268005601159,0.00234250442087329,0.171649824563775
201817072,0.0374375229734911,0.00233938730346491,0.172085893775436
201817074,0.037459994853605,0.00232834381540324,0.171701122912054
201817075,0.0374781405594986,0.00232999939146813,0.170540158602788
201817076,0.0374857487723737,0.00232876822009508,0.17088399780441
201817077,0.0375576262237511,0.00234387104580042,0.171583799852581
201817079,0.0375555846013946,0.00232548137373775,0.171932967013365
201817080,0.0375288792762461,0.00235171810269322,0.171235804221023
201817082,0.0376205516874635,0.00235007105719935,0.172473925335126
201817083,0.0373888405847082,0.00233797739633039,0.171225986927162
201817084,0.0375229026951117,0.00233055193958329,0.171127916541171
201817085,0.0373968535830011,0.00230736659024511,0.170556891363041
201817086,0.0375797485864075,0.00232350430240078,0.171919468623337
201817088,0.0376412468094267,0.00235681743234457,0.171119167941537
201817090,0.0374045072886459,0.00235895143824403,0.170699200289041
201817091,0.0378244487106957,0.00235652497995299,0.173190210626638
201817092,0.0374659720761789,0.00234613512406955,0.171610703736374
201817093,0.0373929884092049,0.00233418642936708,0.171791891533064
201817094,0.0374791377228673,0.00234232555555128,0.171725343930673
201817095,0.0376123689346446,0.00233321790317706,0.171744787436684
201817096,0.0374985714844093,0.0023365260695669,0.171139158740921
201817098,0.0374120116488162,0.00234848778988035,0.171334048184963
201817099,0.0373410024831036,0.00235800337999486,0.168974134584961
201817100,0.0373912350473303,0.00235022205095612,0.171169271493816
201817101,0.0374701805088544,0.00233546984752106,0.171441222799434
201817103,0.0372806466908075,0.0023222439574074,0.170039622745871
201817104,0.0375930368742318,0.00233773010269525,0.172148948095434
201817105,0.0374762959485503,0.00234140466240034,0.171092455448767
201817106,0.0375372344527587,0.00233487257482034,0.17284685695373
201817107,0.0374023183520814,0.00233747524226807,0.171365181273017
201817108,0.037189077963251,0.00231759053711161,0.169119466637837
201817109,0.0374347433233731,0.00235274493147192,0.170464931803573
201817110,0.0373983774964529,0.00232906147799608,0.170406552251621
201817111,0.0373121092127131,0.00233967512565119,0.169967980264
201917001,0.0373620711320802,0.00231723919581707,0.170595511229827
201917002,0.0372890121102345,0.00234691777176938,0.169648957567464
201917003,0.0373217644666489,0.00234256879672047,0.170799624771587
201917005,0.0376006422577455,0.00234661676890816,0.172341852174198
201917006,0.0374456209825947,0.00235983824427568,0.171104132314048
201917008,0.0374644763911903,0.00235832409197167,0.171973474351551
201917009,0.0372872086169802,0.00230422607080238,0.170495920118191
201917011,0.0375593254860702,0.00233350444431431,0.171785544480737
201917012,0.0376072819699092,0.00230577101163255,0.172030775081724
201917014,0.0375825516827417,0.00234806125991183,0.172393837931589
201917015,0.0375606103170081,0.00234422059436206,0.171398000693244
201917017,0.0376403173364214,0.00234930530891222,0.172438863881847
201917019,0.0372954791390263,0.00230874667003076,0.170879711266447
201917021,0.0379128376627389,0.00235861068881986,0.173190441867204
201917022,0.0376347995075932,0.00233547716105188,0.17171522700508
201917023,0.0375194190664817,0.00233381463846667,0.171033327291945
201917025,0.0374253455522216,0.00234295439690757,0.17300895951025
201917026,0.0374792253975819,0.00236523691710716,0.170833933802149
201917028,0.0375154135870761,0.00232114215663978,0.171974477464523
201917030,0.0374999739610374,0.0023404541936235,0.170652780603048
201917031,0.0375965978105316,0.00233816813586331,0.172598736805578
201917033,0.037683781357794,0.00234449109806967,0.172635915136835
201917034,0.0375390772917077,0.00232837374631245,0.172256490049397
201917035,0.0375635871688787,0.00230860009119297,0.17271420028437
201917036,0.0371134636556095,0.00232826776817602,0.16919180143188
201917037,0.0375451203471603,0.00229946439001275,0.172634362397732
201917039,0.0375030330995472,0.00234952554911959,0.171119189908481
201917040,0.037091776397355,0.00232536388721918,0.168516799301843
201917041,0.0374046082597288,0.00234665216264821,0.170731496031485
201917043,0.0375581792861651,0.00236079282188834,0.172419806015156
201917044,0.0372417029639284,0.00235922807728436,0.170179314957742
201917045,0.037554770854495,0.00233617090980177,0.171925256084366
201917046,0.0375460028063857,0.00233508150834499,0.171803353031719
201917047,0.0374253414230706,0.00234462028159182,0.170558001683301
201917048,0.0376096905518244,0.00233540524700523,0.172683638065493
201917051,0.037548161095102,0.00235144446805531,0.171780555324882
201917052,0.0376415667863728,0.00230554278322825,0.172685361873966
201917053,0.0374138841669825,0.00233645215765663,0.1717265923464
201917054,0.0376805699094011,0.00235460348018134,0.172255032877164
201917056,0.0374662770447426,0.0023173227285629,0.171816108974654
201917058,0.0373896160157538,0.00233001768238742,0.170971900769124
201917060,0.0376145010744802,0.00233752596411366,0.174025136577317
201917061,0.0374489280521497,0.00232491037420483,0.1732767259557
201917062,0.0375071885802922,0.00234423392483352,0.17093523674496
201917063,0.0375396076849761,0.00234724088699171,0.172221681164302
201917065,0.0373324750984886,0.00233388893963982,0.169869014891125
201917066,0.0374296639880119,0.00234335634162152,0.171016615778949
201917067,0.0376005532765139,0.0023393690967439,0.17216174045951
201917069,0.0376899630136068,0.00234932035445517,0.172562422200817
201917071,0.037426628608615,0.00232995437281539,0.169974929765813
201917073,0.0374123343492822,0.00232612902305401,0.170516729770991
201917074,0.0375144984182652,0.0023396507970163,0.171718045476073
201917075,0.0375022452624582,0.00233419445524087,0.171534388771247
201917076,0.0378003850576346,0.00240428713925818,0.172125940943164
201917077,0.0376616109321848,0.00231910084344003,0.172545373246132
201917078,0.0374469459507257,0.00233661921482869,0.171054298786579
201917079,0.0374228503011038,0.00233722965108446,0.171123961080923
201917081,0.0376303935004575,0.00234474039116241,0.171996208710125
201917082,0.0375936767101085,0.00233289800368525,0.171182271486289
201917083,0.0374827812861841,0.00234366992110235,0.17143293478369
201917084,0.037567601429635,0.0023125841178972,0.172535455368122
201917085,0.0373532680368479,0.0023213945639059,0.171717776750092
201917086,0.0374305831990965,0.00231509788673987,0.170359805437179
201917087,0.0374903946296394,0.00232496765006883,0.172013337118961
201917088,0.0374760912985816,0.0023561900292262,0.170509455963856
201917090,0.037649804730298,0.00232789723854955,0.17197057652478
201917091,0.0373404768733993,0.00231879573961748,0.170623941169714
201917092,0.0377101577969714,0.00232877130168534,0.172922602941894
201917093,0.0373577575397161,0.00233063563159584,0.170814159731989
201917094,0.0375925067205625,0.00233998237989088,0.171757445768579
201917095,0.0375044378690373,0.00234278614054284,0.171617855956259
201917097,0.0374984371616126,0.00233909252344107,0.171720453395284
201917099,0.0375777644807796,0.00234678285960763,0.172290726969677
201917101,0.0377325838358732,0.0023651348326964,0.173239316522412
201917103,0.0375952032399266,0.00234400134271009,0.17187372247288
201917104,0.037566377041179,0.00231013706184684,0.171615098459207
201917106,0.0375035714505786,0.00233329167900189,0.172050945343013
201917107,0.0374653363706645,0.00234759949430423,0.171666149424181
201917108,0.0374854072063373,0.00233018460750975,0.171220180857263
201917109,0.0375302354594896,0.00235103448087474,0.172046966489257
201917110,0.0371164361640649,0.00229973059660205,0.171177120195444
202017001,0.0375213663659285,0.00232740442994438,0.171764251189708
202017002,0.0373640255341155,0.00233139808355884,0.170162032376788
202017003,0.0371479633522771,0.0023355719700064,0.168635734104582
202017004,0.0373213177598997,0.00232389686235152,0.169959278057151
202017006,0.037378847249972,0.00234189698356149,0.171299831742652
202017007,0.0374482937164154,0.00230894901375193,0.171795822430036
202017008,0.0374090746991482,0.0023220558178632,0.171030332211634
202017009,0.0377939421488061,0.00236819278761775,0.173526092912467
202017011,0.0375181762099394,0.00234888574120464,0.170742403553709
202017013,0.0375626351214013,0.00235688294779368,0.169633398919699
202017014,0.0374790803323188,0.0023254980427063,0.17166256696907
202017015,0.0376355192292696,0.00237619152739628,0.172176981623271
202017017,0.0376091131258591,0.00235294893024214,0.172827249084291
202017018,0.0375652812038179,0.00234031881882076,0.172204386745899
202017019,0.0373893835352381,0.00233531635896509,0.170217091884787
202017021,0.0375153738264639,0.00234078396298105,0.173078203319279
202017022,0.0375430421425781,0.00233396996960403,0.172197982300913
202017023,0.0372924192687413,0.0023459528427145,0.171725867863813
202017024,0.037522884505617,0.00232753354839318,0.172314978062248
202017026,0.0375214047957315,0.0023605660500478,0.171472887248941
202017028,0.0377480412424908,0.00237745189733545,0.171883077626837
202017029,0.0374982149533086,0.00234257987375554,0.172139479221632
202017030,0.0377039705126788,0.00235535505586664,0.173292047287621
202017031,0.0372031808257085,0.00230575266348456,0.170255628016362
202017032,0.037650861288002,0.00233437149398731,0.172962058030685
202017033,0.0372586060457137,0.00233465988099791,0.169356269333133
202017035,0.03738310274842,0.00230577262983213,0.172124898276008
202017038,0.0375326194258234,0.00231819946488616,0.172049839982171
202017039,0.037623143928908,0.00234959187234965,0.172034561440305
202017041,0.0374108814094855,0.00230139692579781,0.171549850146296
202017042,0.0375344488515512,0.00233784941044642,0.171010934460726
202017043,0.0374927140033164,0.00234998144248767,0.170431166271728
202017044,0.0375696039564523,0.00233990338580102,0.171086186079046
202017046,0.0374085459945861,0.00233140757309596,0.170203607027912
202017047,0.0373144503538092,0.00231698634088542,0.170982828418261
202017048,0.0377516363841484,0.0023498715988516,0.173960603407351
202017050,0.0373800013486593,0.00233487209594545,0.170638807544208
202017051,0.0375853252330374,0.00236563018487174,0.172479388242241
202017052,0.0379733571900783,0.00238579377166207,0.174327681919528
202017053,0.0373310282303587,0.00230603303539555,0.171362080893174
202117001,0.0375172947206417,0.00233246955527656,0.171109134797175
202117002,0.0375117996813933,0.00233832130685904,0.172286106844494
202117003,0.037363314645082,0.00236454460183126,0.170679281128518
202117004,0.0374541616000889,0.0023465411331486,0.171293907054126
202117006,0.0375372495713656,0.00231043397351715,0.170435476724713
202117007,0.0374002999367212,0.00235179122384157,0.171226876635125
202117008,0.0375479893688076,0.00234558961524245,0.171734294803337
202117009,0.0375047241899844,0.00233558545909753,0.17238623880499
202117011,0.037642143412318,0.0023232004087732,0.172041038645288
202117014,0.0375818871084242,0.00234915596783828,0.17204157838499
202117016,0.0373225627533251,0.00234778833097151,0.170310566432709
202117018,0.037314954059272,0.0023478411698208,0.169398763168687
202117019,0.0375348096713847,0.00232609538841608,0.171782662036647
202117020,0.0378939650434523,0.00239949420254752,0.174113224903662
202117022,0.0374952515645488,0.00233065768592982,0.171996374231766
202117023,0.0373668341175556,0.00231338187584472,0.171117356783748
202117025,0.0373990144358298,0.00232764777249391,0.170454376776649
202117026,0.0374518281476144,0.00232465467454439,0.171438659121342
202117027,0.0375061643837029,0.00234868104287632,0.17177638401258
202117028,0.0375973039921982,0.0023087063916168,0.172003696941976
202117029,0.0374422425621739,0.0023366821460761,0.17119631929753
202117030,0.0374346481190132,0.00233743014361669,0.171902490687643
202117033,0.0374539083842667,0.00230846986777566,0.171825118653762
202117035,0.0375244261406397,0.0023282623734623,0.171283927265587
202117036,0.0374134084467925,0.00230334717009077,0.170543379561273
202117037,0.037680546869787,0.00234977106232999,0.173032189074461
202117038,0.037629605352363,0.00233474809677691,0.17229940543441
202117041,0.0374655388961951,0.00234401601850149,0.172848500788517
202117042,0.0372703851245438,0.00232954326691788,0.17057180603169
202117044,0.0374719239670954,0.00235575031192376,0.171863980903055
202117046,0.0373317923706751,0.00233914697301603,0.170780557006739
202117047,0.0377108716787732,0.00233182452681207,0.17294155863367
202117048,0.0375545036860402,0.00234856917304015,0.171016711257635
202117049,0.0375346808197796,0.00236066861817868,0.171637554952009
202117050,0.03761207822208,0.00235474508932391,0.172540900680248
202117052,0.037349484776238,0.00231973180067534,0.171120253797879
202117053,0.0378274529960973,0.002357205486963,0.171728579134952
202117055,0.0372321732914565,0.00235073245044345,0.170452219922328
202117056,0.0374927154385416,0.00240616429830834,0.172118645249171
202117057,0.0374062715344558,0.00236221908495538,0.171321595819625
202117059,0.0376139822243746,0.00235573359051254,0.172488761975983
202117060,0.0378279816104364,0.0023531083151798,0.17264555437126
202117061,0.0376159396950228,0.00232722110966194,0.172854551808143
202117064,0.0373592222455447,0.00232367336381557,0.17093930220042
202117066,0.0376102635114135,0.002357269865243,0.172205173589182
202117067,0.0378041726645982,0.00231714428729952,0.173728746767914
202117068,0.0376281298852116,0.00236146563467138,0.171788378364025
202117070,0.0372038688926128,0.00234718334406116,0.169562384108611
202117072,0.0374659893664094,0.00232437007104577,0.171460741366933
202117073,0.0377230851814853,0.00237621530304261,0.172564851248854
202117074,0.0371965072700795,0.00231592215628376,0.170453342744104
202117077,0.0375734269596848,0.00235224152692314,0.17286115613471
202117078,0.0374616887366039,0.00234830113723039,0.171573196558522
202117079,0.0374591928460921,0.00233228063685683,0.170437955406131
202117080,0.0374153078811189,0.00235924074713407,0.171019190745082
202117082,0.0375366589898042,0.00235038993072613,0.171711621771911
202117083,0.0374039843249784,0.00236162480481892,0.169305264363556
202117084,0.0374739851559509,0.00233753448548342,0.17096695345919
202117085,0.0375800339169094,0.00235326193854073,0.171973800885584
202117086,0.0376644600455295,0.00234740380554007,0.17311268111279
202117087,0.037548485280429,0.00236517900523932,0.172888331515911
202117088,0.0376304626372521,0.00235725830691458,0.170832436909273
202117089,0.0375223848534618,0.0023413150540716,0.17145114736082
202117090,0.0375241417670588,0.0022952473821703,0.170468775794294
202117092,0.0374029280938503,0.00231880292582283,0.171272557064434
202117094,0.0379058519405662,0.00233747754721827,0.173889658642694
202117095,0.0375955789695848,0.00231884708140911,0.172124438285495
202117096,0.0376297138387302,0.00235983326786899,0.17262776488713
202117097,0.0374297789169355,0.00231030723980045,0.17227115329533
202117098,0.0375266673837774,0.00235168178391047,0.171588767790354
202117099,0.0375797930036867,0.00232877198183622,0.172220183514926
202117100,0.0375111821565078,0.00231671338013274,0.172334376026871
202117102,0.0373584131077275,0.00232687782474798,0.171685617020115
202117103,0.037455015689439,0.00232312357787846,0.171619152895453
202117104,0.0372533346497893,0.0023232361350859,0.169787179247676
202117105,0.0377464753510433,0.00235198652534172,0.172749516437007
202117106,0.0374179221300828,0.00230955715515247,0.171635484780796
202117107,0.0375569168075107,0.00234817447686375,0.172302304851323
202117108,0.0374924138293412,0.00235114847163703,0.171607251979262
202117109,0.0374536687985038,0.00233438710653732,0.171320594148068
202117111,0.0375114472163957,0.00234554696108306,0.171752222422985
202117112,0.0370298557159804,0.00232897991345299,0.169115638563035
202117114,0.037326888973955,0.00234722116597062,0.171042323173526
202117115,0.0373589089804328,0.00232458152946694,0.170037888536449
202117116,0.0377134026788179,0.00232972063280131,0.172832420561469
202117117,0.0375771431820454,0.00237999098768649,0.170062382535071
202117119,0.0374853348559825,0.0023562689472318,0.171339557862019
202117120,0.0377467304983897,0.00234968673437543,0.172586921634966
202117121,0.0376661639552807,0.00235091520224656,0.17195354103026
202117122,0.0376554024354845,0.00235597492337192,0.172254985490688
202217001,0.037672061863766,0.0023272608921851,0.171382524692451
202217002,0.0371218018588155,0.00233875967246973,0.169360332620149
202217003,0.0376773279613766,0.00234282078126917,0.171818565805561
202217005,0.0369219736115636,0.00233062848736959,0.16829829724444
202217007,0.0373385407834313,0.00233466396819804,0.170477519913554
202217008,0.0376415401513317,0.00232212288434639,0.170964661071795
202217010,0.0376614436609712,0.0023208897225327,0.173492832083643
202217011,0.0372667534149201,0.00232822279851762,0.170594385086762
202217012,0.0372937345657234,0.00234954413898794,0.170599597196698
202217014,0.0373527129799869,0.00233389422168025,0.170262434721876
202217016,0.0372586825121581,0.00234988037699296,0.170935553082365
202217017,0.0373141433599092,0.00235570161767505,0.170427483148723
202217019,0.037431682101072,0.0023434151897358,0.170884031603827
202217020,0.037533536964977,0.00229119149272207,0.173204585803485
202217023,0.0374793794467994,0.00231281520094906,0.171461745356411
202217024,0.0372166192631459,0.00230300316968033,0.168806278772293
202217025,0.0372886747738899,0.00229386910872795,0.168655915470778
202217026,0.0374878408953448,0.00235054198526715,0.169719681920656
202217027,0.0376594645879571,0.00234641189911285,0.171645242596657
202217029,0.037079787595777,0.00233244075357658,0.169953261974477
202217030,0.037518998071659,0.0023499708345443,0.171952453978178
202217031,0.0375526160466384,0.00236335084204849,0.171192768444135
202217032,0.0375869965818134,0.00234129218115565,0.173286679909256
202217033,0.038027203683638,0.00235702266779449,0.174944730523808
202217034,0.0376746958540781,0.00231053287918307,0.17333566855918
202217036,0.0374425877775397,0.00228656329734144,0.170454722821582
202217038,0.0376039135112666,0.0023228582600756,0.171243687992616
202217039,0.0372399010155837,0.00232438773924552,0.169942868583186
202217040,0.0377399232842033,0.00237642015664895,0.173232787216168
202217041,0.0374034702774216,0.00234917756934772,0.169595348509292
202217042,0.0376241074896469,0.00232939508696462,0.172607942791967
202217043,0.0373628183684193,0.00234518449845139,0.170800424920415
202217044,0.0374397458551346,0.00233740281701922,0.169629643879029
202217046,0.0374313383855869,0.00232879289429746,0.169600297360064
202217047,0.037846576827345,0.00235508049324339,0.171826212600314
202217048,0.0370776321617524,0.00231588971578729,0.170037014450089
202217050,0.0373198826459045,0.0023343460934123,0.171655129449456
202217051,0.0375582069035165,0.00233210345729051,0.171579504839512
202217054,0.0374107348008041,0.00237129337138493,0.170974775366251
202217055,0.0372564789552897,0.00232241175876223,0.170627840488272
202217057,0.0374630492184511,0.00234783670886768,0.171689503910465
202217058,0.0374587738132666,0.00231590415145584,0.171950249358451
202217061,0.0375177120158636,0.00233536994660581,0.171412337308587
202217062,0.0375567691231929,0.00232958826475768,0.173134151456115
202217063,0.0374450868603643,0.00230903053120193,0.171809942526637
202217065,0.0376947200463082,0.00234568366047038,0.172731101991178
202217066,0.03756755016496,0.00236865854516996,0.171572390463622
202217067,0.0374428746675306,0.00233158554077862,0.17103348461509
202217068,0.0373825115176451,0.00228314263231821,0.171438670255484
202217069,0.0375296619983135,0.00236623595716393,0.170238313189022
202217070,0.0376740258841941,0.00234602670152327,0.172930186488599
202217072,0.037533452544153,0.00230721886585805,0.172175867307171
202217074,0.037440425869112,0.00235157853921235,0.171948108061286
202217075,0.037334498215804,0.00237374854464744,0.170087382822177
202217076,0.0375533802578996,0.00231928873393405,0.171407763223424
202217077,0.0375426017295569,0.00235655174049166,0.171934432124268
202217078,0.0375840882382229,0.00235279219073205,0.172059279233764
202217080,0.0375263732593247,0.00233457572646029,0.171895412360266
202217081,0.0376494846181573,0.00234714492708843,0.172284473492882
202217082,0.0377056120457648,0.00232355378891356,0.172103579233956
202217083,0.0376544407263843,0.00235280976270343,0.173724806789602
202217084,0.0375160558539413,0.0023255563384883,0.171265054788816
202217085,0.0376388396004438,0.00234488098827535,0.171696502111581
202217086,0.0378009533489027,0.00233062579985444,0.173588914944068
202217087,0.0375803708559851,0.00232516183027237,0.172519439633743
202217089,0.0377049192150269,0.00235439914843895,0.172347056857011
202217090,0.0373972730154315,0.00232664802045814,0.1717167219323
202217091,0.0376913057284907,0.00237416259274381,0.172758883785713
202217093,0.0373672025347977,0.00233706624246246,0.170905578486211
202217094,0.037501578441133,0.00233989600065252,0.170861800838099
202217096,0.0374812189937719,0.00231464808439572,0.171659193439242
202217098,0.0375095553394693,0.00230129932137634,0.171530024167306
202217100,0.0374854379334957,0.00234362277704587,0.171720842510408
202217101,0.0377137214978003,0.00236005223720798,0.173253308059957
202217102,0.0374760014855039,0.00232482428171452,0.172021511630135
202217103,0.0374394942583754,0.00230575642265709,0.171687946010463
202217105,0.0374793390146677,0.00233632583359981,0.171753360267112
202217106,0.0371949842361243,0.00231637029458098,0.171243239748441
202217108,0.03759723620439,0.00234330487558841,0.171774783156465
202217110,0.0376876892373605,0.0023478574207281,0.171423371580963
